loan_id,loan_amount,term,interest_rate,installment,loan_grade,annual_income,employment_length,home_ownership,debt_to_income_ratio,credit_score,loan_status,default_probability,delinquencies_last_2yrs,revolving_credit_balance,total_credit_limit
1,20795,60 months,5.35,725.78,C,40310,4-6 years,MORTGAGE,12.92,713,Fully Paid,0.13,1,36258,99482
2,5860,60 months,9.88,349.78,E,93965,1-3 years,OWN,19.09,843,Fully Paid,0.97,3,26301,42355
3,16284,36 months,21.62,856.09,B,141048,1-3 years,MORTGAGE,29.15,805,Defaulted,0.23,4,45763,42690
4,11265,36 months,22.29,613.1,C,126444,1-3 years,MORTGAGE,20.5,727,Defaulted,0.77,3,21765,42814
5,21850,36 months,20.37,290.46,B,99922,10+ years,MORTGAGE,37.85,774,Fully Paid,0.34,2,45787,36645
6,26962,36 months,7.26,645.54,C,127799,<1 year,MORTGAGE,11.97,721,Fully Paid,0.14,3,8425,89814
7,21023,60 months,20.91,999.76,E,123948,10+ years,OWN,26.48,668,Fully Paid,0.86,0,13857,77739
8,6685,36 months,23.37,277.94,D,112839,7-9 years,MORTGAGE,27.73,785,Defaulted,0.31,4,28463,61630
9,5769,36 months,17.01,844.24,E,42242,<1 year,MORTGAGE,29.58,635,Fully Paid,0.66,3,23444,53171
10,7433,60 months,23.82,326.21,A,147027,7-9 years,RENT,17.67,631,Charged Off,0.57,0,42457,26658
11,10311,36 months,21.54,815.03,C,142561,<1 year,OWN,20.94,825,Fully Paid,0.47,1,37744,20797
12,22568,60 months,18.34,774.39,A,38947,10+ years,RENT,35.31,663,Fully Paid,0.5,3,15205,63799
13,24769,60 months,16.54,405.42,A,142250,1-3 years,RENT,15.85,798,Charged Off,0.73,4,1704,57236
14,33693,60 months,11.97,426.95,B,101466,4-6 years,OWN,34.81,769,Fully Paid,0.09,0,6452,11265
15,11396,60 months,8.19,823.64,C,133706,1-3 years,MORTGAGE,26.88,647,Fully Paid,0.67,3,46617,77134
16,32480,60 months,17.1,542.23,A,91816,10+ years,RENT,32.87,801,Fully Paid,0.9,1,39862,87678
17,30658,60 months,11.36,771.2,D,78785,<1 year,OWN,31.41,841,Fully Paid,0.06,3,4681,58494
18,23942,60 months,22.33,275.79,A,149963,1-3 years,MORTGAGE,16.23,680,Fully Paid,0.14,0,21522,57268
19,23431,60 months,24.87,874.67,D,30507,10+ years,OWN,27.06,757,Fully Paid,0.72,3,19300,31998
20,7747,36 months,20.05,754.25,B,96972,7-9 years,RENT,36.03,748,Defaulted,0.44,4,10566,96426
21,5189,36 months,6.81,920.9,A,57151,4-6 years,MORTGAGE,22.96,659,Fully Paid,0.4,2,8501,99414
22,24118,36 months,10.77,262.52,E,41618,1-3 years,MORTGAGE,39.0,740,Charged Off,0.14,0,2845,66339
23,6899,36 months,7.18,654.06,B,104286,<1 year,OWN,23.57,600,Fully Paid,0.51,0,40181,19306
24,6267,60 months,18.01,659.25,D,46122,7-9 years,MORTGAGE,14.28,664,Fully Paid,0.13,0,41758,69006
25,36551,36 months,20.3,450.44,B,37354,10+ years,RENT,21.68,838,Fully Paid,0.48,0,43396,52345
26,16394,60 months,23.51,539.7,A,139598,4-6 years,RENT,38.55,632,Fully Paid,0.76,3,14230,16885
27,8556,36 months,13.76,182.28,C,60979,<1 year,RENT,19.59,637,Fully Paid,0.26,4,18754,48826
28,8890,36 months,23.03,783.98,C,116436,10+ years,OWN,36.04,624,Charged Off,0.48,1,35404,60597
29,35740,36 months,22.56,616.92,D,109376,10+ years,MORTGAGE,36.44,753,Fully Paid,0.99,4,23564,12443
30,19502,60 months,11.34,199.08,D,82774,1-3 years,MORTGAGE,20.51,804,Fully Paid,0.69,0,33362,22084
31,26777,36 months,22.38,728.64,C,132703,1-3 years,MORTGAGE,12.5,658,Fully Paid,0.84,3,19227,94447
32,15627,60 months,12.51,546.76,D,35037,<1 year,RENT,31.74,819,Defaulted,0.41,3,25760,9383
33,13792,60 months,10.94,179.29,B,58633,10+ years,MORTGAGE,19.35,760,Defaulted,0.77,0,30723,97313
34,13433,36 months,17.98,974.17,E,54495,1-3 years,RENT,33.49,700,Fully Paid,0.04,3,48475,39361
35,16016,36 months,11.57,956.75,E,94550,4-6 years,MORTGAGE,23.28,726,Fully Paid,0.12,0,18215,85294
36,28897,36 months,17.6,585.97,B,111384,4-6 years,RENT,24.56,640,Fully Paid,0.2,4,6538,66331
37,7612,60 months,17.2,229.62,E,66483,10+ years,MORTGAGE,33.34,757,Fully Paid,0.4,2,22699,25529
38,28483,36 months,16.27,791.43,A,143181,1-3 years,OWN,21.47,656,Fully Paid,0.85,3,44085,63574
39,22159,60 months,12.61,568.14,B,103373,<1 year,OWN,23.29,776,Fully Paid,0.35,0,13454,93627
40,19541,60 months,15.97,407.08,D,64069,<1 year,RENT,21.29,647,Fully Paid,0.65,0,49217,35932
41,31531,36 months,16.93,567.71,B,37370,<1 year,RENT,21.02,671,Fully Paid,0.71,3,42223,6908
42,6585,36 months,15.91,594.08,C,149873,4-6 years,MORTGAGE,25.78,776,Fully Paid,0.59,1,22711,35358
43,8943,60 months,13.89,628.3,D,146843,1-3 years,MORTGAGE,34.26,774,Charged Off,0.36,0,16059,35412
44,28939,60 months,5.29,525.04,C,101947,1-3 years,OWN,20.85,655,Charged Off,0.58,3,49398,88710
45,24457,60 months,16.74,664.89,D,69133,4-6 years,MORTGAGE,25.73,664,Fully Paid,0.34,0,2286,86032
46,6021,36 months,8.37,930.92,E,126035,<1 year,RENT,30.12,611,Fully Paid,0.08,1,35297,7928
47,16653,60 months,17.85,457.93,B,125761,<1 year,RENT,18.08,668,Fully Paid,0.99,2,43768,70158
48,18417,36 months,20.19,766.86,A,143753,10+ years,RENT,18.33,815,Fully Paid,0.13,1,40423,35632
49,14692,60 months,15.01,910.28,D,30692,7-9 years,RENT,38.0,733,Defaulted,0.07,4,35645,37309
50,11873,60 months,15.85,537.58,D,58926,1-3 years,RENT,31.71,688,Fully Paid,0.88,3,43709,14280
51,10675,36 months,24.03,526.94,C,129782,1-3 years,OWN,27.32,792,Defaulted,0.3,1,27485,45449
52,5161,60 months,21.94,661.8,E,134700,1-3 years,OWN,29.43,624,Charged Off,0.65,2,33267,92171
53,31557,36 months,23.28,652.7,C,103984,7-9 years,RENT,10.88,600,Fully Paid,0.33,0,46823,31957
54,38763,36 months,21.28,835.6,C,73390,10+ years,MORTGAGE,28.54,759,Fully Paid,0.39,3,28086,41895
55,37606,60 months,7.18,555.01,E,79593,7-9 years,RENT,25.29,833,Fully Paid,0.26,1,17484,75499
56,16534,36 months,7.98,996.7,A,105609,<1 year,OWN,26.37,833,Fully Paid,0.34,2,4087,98057
57,34127,36 months,15.53,200.55,C,130950,<1 year,RENT,20.78,730,Fully Paid,0.41,1,39596,26695
58,30851,60 months,9.92,152.69,C,35209,1-3 years,OWN,12.44,648,Fully Paid,0.72,4,19675,79893
59,6016,36 months,14.53,694.17,D,36533,4-6 years,OWN,15.8,746,Defaulted,0.51,3,25680,68123
60,29253,36 months,12.89,403.67,E,116597,1-3 years,RENT,38.52,659,Fully Paid,0.94,0,18077,30176
61,29276,36 months,15.99,354.33,B,37211,4-6 years,RENT,22.26,834,Fully Paid,0.04,2,39174,23409
62,28247,60 months,19.94,415.11,A,39927,7-9 years,MORTGAGE,24.0,756,Fully Paid,0.5,1,12432,61967
63,29300,36 months,19.31,367.64,A,107463,<1 year,OWN,11.58,777,Fully Paid,0.58,3,4491,5987
64,13529,60 months,15.42,176.17,E,147333,4-6 years,MORTGAGE,11.13,601,Fully Paid,0.92,1,47126,59462
65,22262,60 months,21.45,975.8,D,54594,7-9 years,RENT,31.52,672,Defaulted,0.05,3,47122,72501
66,14268,36 months,13.62,337.63,D,104852,<1 year,OWN,26.14,783,Fully Paid,0.57,4,4392,31015
67,26271,36 months,22.93,773.93,E,107713,4-6 years,MORTGAGE,25.26,744,Fully Paid,0.85,1,3268,99727
68,17185,36 months,6.43,798.21,D,106382,1-3 years,MORTGAGE,17.29,787,Fully Paid,0.24,4,39400,71404
69,26243,60 months,24.09,939.87,A,37933,1-3 years,MORTGAGE,32.34,709,Fully Paid,0.88,2,37551,55281
70,13571,36 months,18.09,175.97,A,133780,1-3 years,RENT,15.05,763,Defaulted,0.02,4,29088,42146
71,7568,36 months,12.6,891.24,B,142157,7-9 years,RENT,15.7,660,Fully Paid,0.73,3,15479,53231
72,7027,36 months,8.94,598.14,E,70696,1-3 years,RENT,23.82,616,Defaulted,0.93,2,26465,34032
73,7695,36 months,14.58,687.66,C,95449,10+ years,OWN,18.59,648,Fully Paid,0.66,1,49155,33305
74,10258,36 months,8.89,697.8,C,97616,<1 year,RENT,17.42,675,Fully Paid,0.44,1,23357,59306
75,27002,60 months,8.33,846.83,B,36089,7-9 years,OWN,29.36,787,Fully Paid,0.04,3,6969,93176
76,38159,60 months,17.35,433.4,B,86548,1-3 years,MORTGAGE,29.53,747,Fully Paid,0.92,0,9981,23318
77,18986,36 months,15.46,773.09,D,56123,<1 year,MORTGAGE,34.74,777,Fully Paid,0.47,0,22032,18246
78,17666,36 months,18.4,599.29,B,37797,4-6 years,RENT,22.53,730,Defaulted,0.03,1,42618,38844
79,8561,36 months,23.59,824.38,B,80013,1-3 years,MORTGAGE,12.19,642,Fully Paid,0.69,3,25408,37602
80,31854,36 months,15.65,991.96,C,38346,<1 year,RENT,18.21,656,Fully Paid,0.48,0,25241,26584
81,27662,60 months,16.62,320.55,D,115414,10+ years,OWN,39.4,649,Fully Paid,0.12,4,48940,20169
82,13392,36 months,6.79,995.45,B,63672,4-6 years,MORTGAGE,27.89,795,Fully Paid,0.21,1,18402,30968
83,35535,60 months,19.35,226.34,B,47653,10+ years,RENT,31.29,808,Fully Paid,0.06,4,26766,11385
84,18067,60 months,13.0,151.97,D,79556,<1 year,MORTGAGE,10.22,777,Fully Paid,0.57,3,4657,78758
85,28599,36 months,24.53,187.54,E,138278,10+ years,MORTGAGE,25.55,636,Fully Paid,0.62,4,22230,30444
86,16837,60 months,21.46,440.52,D,56140,<1 year,RENT,11.13,645,Fully Paid,0.51,0,19680,67497
87,19039,60 months,15.45,687.97,C,31184,<1 year,MORTGAGE,27.08,769,Fully Paid,0.82,0,18158,10362
88,35818,60 months,7.46,208.68,E,64493,10+ years,MORTGAGE,37.62,614,Fully Paid,0.86,2,20195,13250
89,24115,60 months,22.19,154.82,A,74148,<1 year,MORTGAGE,39.05,760,Fully Paid,0.62,1,43340,73354
90,15965,36 months,21.0,946.53,D,54846,1-3 years,MORTGAGE,26.22,679,Fully Paid,0.01,3,36950,41368
91,29538,36 months,8.69,848.64,C,141361,<1 year,OWN,23.75,738,Charged Off,0.7,1,13979,49109
92,10056,60 months,10.91,837.81,E,52195,7-9 years,MORTGAGE,38.35,846,Fully Paid,0.42,4,8867,85589
93,37482,36 months,20.87,901.76,D,35606,<1 year,MORTGAGE,30.21,747,Fully Paid,0.57,3,16155,62645
94,13110,36 months,8.7,745.03,B,33956,7-9 years,RENT,11.95,829,Fully Paid,0.65,3,14006,61997
95,18773,36 months,23.36,238.74,D,46555,<1 year,OWN,23.97,623,Fully Paid,0.35,0,5329,32426
96,32266,36 months,13.49,489.24,A,120385,<1 year,RENT,17.21,724,Defaulted,0.92,4,23551,44023
97,22412,36 months,6.74,764.68,D,48690,10+ years,RENT,24.09,791,Fully Paid,0.13,0,36865,64267
98,38270,60 months,21.31,388.28,E,88502,1-3 years,RENT,23.66,717,Charged Off,0.67,0,2404,29892
99,11910,36 months,12.47,734.3,E,78849,1-3 years,OWN,27.46,679,Defaulted,0.0,2,38869,64232
100,30446,36 months,15.53,170.82,D,56347,4-6 years,RENT,20.7,693,Fully Paid,0.92,0,2369,99897
101,5206,36 months,7.25,410.22,E,128725,10+ years,RENT,14.93,825,Fully Paid,0.11,1,40433,64225
102,26518,36 months,5.05,616.76,B,133844,10+ years,RENT,25.11,664,Fully Paid,0.09,3,19448,21007
103,27361,60 months,17.76,687.28,D,121321,1-3 years,MORTGAGE,34.91,687,Fully Paid,0.33,0,36533,84777
104,28419,60 months,15.3,640.48,B,79056,10+ years,RENT,29.92,687,Fully Paid,0.37,1,25175,49858
105,27403,60 months,16.87,743.09,B,93851,1-3 years,OWN,20.15,800,Fully Paid,0.21,4,1716,50073
106,23141,60 months,20.87,155.18,C,128234,10+ years,OWN,38.07,813,Fully Paid,0.59,3,14850,94438
107,19820,36 months,17.93,235.8,D,111502,<1 year,MORTGAGE,37.37,803,Fully Paid,0.44,4,2711,95042
108,11374,60 months,8.5,888.6,E,126633,1-3 years,OWN,16.28,744,Fully Paid,0.03,1,26801,88098
109,6678,36 months,12.22,729.49,B,111418,1-3 years,OWN,11.18,725,Defaulted,0.32,4,22751,25239
110,38827,36 months,23.12,245.99,C,100211,7-9 years,MORTGAGE,32.24,688,Fully Paid,0.81,4,40029,67969
111,21198,36 months,20.4,865.76,D,71850,10+ years,RENT,34.83,819,Defaulted,0.69,4,26173,18065
112,14914,36 months,16.13,355.9,D,108545,10+ years,MORTGAGE,39.04,660,Fully Paid,0.72,0,7086,46291
113,32890,36 months,10.11,556.52,A,57843,1-3 years,RENT,36.7,614,Fully Paid,0.7,0,48130,43805
114,27299,60 months,11.04,273.42,A,92320,<1 year,RENT,28.02,693,Fully Paid,0.31,0,12223,23443
115,7693,60 months,19.64,753.59,B,59793,<1 year,OWN,25.9,650,Fully Paid,0.1,3,17220,14290
116,34467,60 months,22.02,716.83,A,69516,<1 year,MORTGAGE,10.84,626,Fully Paid,0.27,1,14392,5211
117,34723,60 months,18.43,329.45,B,134407,10+ years,OWN,17.4,813,Fully Paid,0.83,0,21051,88634
118,8627,36 months,21.19,883.89,E,47857,7-9 years,OWN,23.79,673,Defaulted,0.98,4,3246,24072
119,30939,60 months,20.33,491.11,B,49627,1-3 years,RENT,28.86,660,Fully Paid,0.49,4,21010,48290
120,26834,36 months,7.99,398.64,A,91822,4-6 years,OWN,26.72,785,Fully Paid,0.01,4,3822,90186
121,23047,60 months,13.48,279.48,E,114101,7-9 years,MORTGAGE,32.28,630,Defaulted,0.14,4,25667,20115
122,31105,36 months,8.06,376.24,A,121561,4-6 years,OWN,18.39,818,Defaulted,0.32,2,18234,10149
123,15230,36 months,9.7,168.72,B,82248,7-9 years,OWN,26.95,611,Fully Paid,0.58,3,31654,46992
124,20707,60 months,22.39,645.77,C,85798,<1 year,RENT,12.64,645,Fully Paid,0.08,1,10669,22716
125,26976,36 months,14.46,865.9,D,123368,10+ years,MORTGAGE,22.41,758,Defaulted,0.94,1,22784,18621
126,28776,36 months,15.71,616.63,A,74116,4-6 years,OWN,32.5,631,Fully Paid,0.37,0,30672,11820
127,35080,60 months,8.57,336.38,B,105318,7-9 years,RENT,30.8,759,Fully Paid,0.91,2,2082,47800
128,6306,36 months,11.25,178.62,E,134186,10+ years,OWN,39.72,832,Fully Paid,0.78,1,12148,60043
129,11776,60 months,9.6,332.43,A,117902,4-6 years,MORTGAGE,18.34,836,Defaulted,0.76,3,28494,35399
130,32251,60 months,9.12,503.7,A,58557,1-3 years,OWN,24.95,826,Fully Paid,0.61,4,41935,19002
131,14474,60 months,17.76,795.67,D,101334,7-9 years,OWN,19.89,780,Charged Off,0.63,0,10557,48098
132,26959,36 months,10.14,309.67,B,105163,1-3 years,RENT,23.22,660,Fully Paid,0.64,3,45496,50511
133,10530,36 months,17.64,761.82,C,136719,<1 year,OWN,35.71,645,Defaulted,0.63,1,37719,58243
134,34320,36 months,6.17,886.89,E,108002,1-3 years,RENT,30.53,684,Fully Paid,0.55,2,48445,33750
135,8748,60 months,7.84,535.85,B,72614,1-3 years,MORTGAGE,36.47,801,Fully Paid,0.99,0,49737,96610
136,36968,36 months,10.49,848.22,E,42720,7-9 years,OWN,16.11,679,Defaulted,0.73,1,42735,22310
137,37562,60 months,16.94,621.46,A,87608,<1 year,MORTGAGE,36.2,734,Fully Paid,0.78,0,40536,60398
138,18545,60 months,18.52,691.53,D,137449,1-3 years,MORTGAGE,11.79,603,Fully Paid,0.87,1,15039,87542
139,5663,36 months,13.85,597.34,D,132828,10+ years,OWN,36.66,818,Fully Paid,0.22,4,3303,80207
140,39766,60 months,13.92,543.7,C,102095,4-6 years,RENT,19.87,651,Fully Paid,0.08,2,48931,49345
141,12994,36 months,19.49,349.46,D,135924,1-3 years,MORTGAGE,19.44,846,Fully Paid,0.48,4,40925,98430
142,33021,36 months,5.32,407.71,A,114694,<1 year,MORTGAGE,25.36,816,Fully Paid,0.51,1,19281,96729
143,35303,36 months,11.82,396.47,C,126452,1-3 years,OWN,38.22,758,Fully Paid,0.83,3,49897,56843
144,8304,36 months,21.37,628.8,B,117593,4-6 years,OWN,11.43,802,Fully Paid,0.44,4,23209,15222
145,22675,36 months,17.06,251.96,D,65892,<1 year,OWN,20.57,711,Fully Paid,0.57,3,29173,94322
146,28938,60 months,11.74,929.27,C,136975,7-9 years,OWN,35.7,811,Fully Paid,0.53,1,43287,36509
147,28664,60 months,23.11,762.56,A,107242,<1 year,OWN,21.88,635,Defaulted,0.04,2,26190,5386
148,6636,60 months,20.45,491.23,E,146041,7-9 years,OWN,15.97,781,Fully Paid,0.62,3,34012,69334
149,25080,36 months,10.3,284.83,E,107606,<1 year,RENT,22.74,653,Fully Paid,0.83,1,42716,72170
150,32728,36 months,17.91,899.69,A,148542,4-6 years,MORTGAGE,21.57,718,Charged Off,0.16,3,42783,45878
151,31736,36 months,16.92,850.21,A,136438,4-6 years,RENT,37.46,726,Fully Paid,0.59,4,44787,74669
152,33673,60 months,13.02,763.46,E,30924,<1 year,RENT,32.86,616,Defaulted,0.59,1,21191,43349
153,5854,36 months,12.34,380.81,C,81322,1-3 years,OWN,25.15,836,Defaulted,0.16,4,3779,26952
154,29548,60 months,11.87,492.08,E,56478,4-6 years,MORTGAGE,39.65,674,Defaulted,0.12,0,19230,95352
155,12392,60 months,17.34,237.34,A,101042,7-9 years,RENT,23.96,757,Fully Paid,0.98,1,47491,26529
156,26556,36 months,13.85,310.68,D,76418,7-9 years,OWN,11.75,826,Defaulted,0.39,3,24405,76303
157,31309,36 months,21.64,815.56,B,92217,10+ years,OWN,17.87,704,Defaulted,0.23,0,13803,46521
158,26919,60 months,18.39,757.78,D,130699,7-9 years,MORTGAGE,23.08,829,Fully Paid,0.17,4,28825,23383
159,9931,36 months,6.4,654.46,D,120140,10+ years,RENT,14.71,749,Fully Paid,0.67,4,14698,9901
160,37970,60 months,17.8,911.37,A,110846,<1 year,RENT,38.43,716,Fully Paid,0.61,3,35560,47889
161,17688,36 months,10.42,645.78,E,103762,<1 year,RENT,33.01,642,Fully Paid,0.64,0,16376,19633
162,30342,36 months,16.86,546.92,C,41781,<1 year,OWN,18.05,711,Fully Paid,0.09,2,19118,67244
163,7327,60 months,18.6,439.32,D,35515,1-3 years,MORTGAGE,27.72,714,Fully Paid,0.89,3,14117,24163
164,5197,36 months,9.62,949.38,E,147358,1-3 years,MORTGAGE,31.64,626,Fully Paid,0.39,4,40983,64019
165,28509,60 months,14.14,220.31,C,66133,10+ years,RENT,38.24,636,Fully Paid,0.31,1,38956,15707
166,39698,36 months,8.81,941.25,D,112508,7-9 years,OWN,36.45,645,Fully Paid,0.46,0,49786,93112
167,20087,60 months,6.05,852.71,C,127628,7-9 years,RENT,25.46,712,Fully Paid,0.39,2,48469,88597
168,27671,60 months,12.57,260.44,E,106946,<1 year,MORTGAGE,33.24,634,Charged Off,0.86,1,39049,50101
169,30184,36 months,12.26,630.24,B,115058,4-6 years,OWN,26.86,731,Fully Paid,0.93,0,23242,49706
170,32848,60 months,24.91,886.57,E,39095,1-3 years,RENT,26.58,679,Fully Paid,0.3,3,1944,82084
171,25666,36 months,13.93,636.04,A,118583,1-3 years,RENT,13.44,679,Fully Paid,0.86,3,32695,20115
172,20708,36 months,11.67,921.12,C,50470,<1 year,OWN,13.78,812,Fully Paid,0.78,0,2511,80379
173,31370,36 months,16.61,951.54,B,73129,1-3 years,MORTGAGE,25.89,753,Defaulted,0.93,2,46486,44979
174,7811,60 months,6.78,509.03,C,38531,<1 year,OWN,18.07,720,Charged Off,0.25,0,23502,45641
175,11546,60 months,24.23,470.72,C,67038,10+ years,RENT,10.63,827,Fully Paid,0.58,1,25805,74377
176,39754,36 months,17.7,945.87,D,117939,7-9 years,RENT,31.69,746,Charged Off,0.27,1,27993,11416
177,35206,36 months,20.1,723.87,A,72674,4-6 years,RENT,10.97,721,Fully Paid,0.82,3,9369,15633
178,16411,60 months,8.41,248.62,C,124658,7-9 years,RENT,27.86,680,Fully Paid,0.01,0,45888,5594
179,7911,36 months,13.19,185.95,E,112476,7-9 years,MORTGAGE,26.18,772,Fully Paid,0.56,3,47489,19393
180,6734,36 months,13.45,629.93,E,59831,10+ years,MORTGAGE,39.06,753,Defaulted,0.34,2,36383,40380
181,23227,60 months,21.44,940.65,D,87174,1-3 years,RENT,24.53,749,Fully Paid,0.32,1,18997,50056
182,13680,36 months,5.02,867.61,A,41279,4-6 years,MORTGAGE,11.91,718,Fully Paid,0.64,4,16629,93279
183,24360,60 months,11.02,724.47,A,68220,1-3 years,MORTGAGE,26.55,657,Defaulted,0.85,4,32949,9861
184,23343,36 months,24.62,268.25,E,90610,7-9 years,MORTGAGE,35.23,662,Fully Paid,0.61,0,3840,41126
185,10759,60 months,14.5,366.1,B,82719,<1 year,RENT,39.91,847,Fully Paid,0.85,0,15051,85382
186,28078,36 months,12.65,894.18,D,83051,7-9 years,OWN,22.91,755,Defaulted,0.26,4,28523,96713
187,16111,36 months,7.4,305.39,D,102013,1-3 years,OWN,19.61,792,Fully Paid,0.52,0,2774,38682
188,6802,60 months,24.48,386.67,E,86652,7-9 years,OWN,37.2,771,Fully Paid,0.45,1,14262,23228
189,13155,36 months,5.4,260.16,E,95524,<1 year,RENT,15.74,699,Fully Paid,0.01,2,4871,29009
190,13120,60 months,19.74,724.69,B,112936,10+ years,MORTGAGE,28.46,770,Fully Paid,0.56,2,9273,5094
191,26918,36 months,20.37,952.38,B,36470,1-3 years,MORTGAGE,22.17,764,Fully Paid,0.66,3,18229,85636
192,25445,60 months,9.87,378.62,A,97598,7-9 years,RENT,11.23,665,Fully Paid,0.59,1,28385,57221
193,35306,60 months,18.43,554.1,D,71798,1-3 years,RENT,20.42,744,Fully Paid,0.74,0,43176,22430
194,21646,60 months,6.86,689.19,D,83473,10+ years,OWN,17.96,767,Fully Paid,0.57,0,30289,40571
195,36065,60 months,10.14,999.55,E,49880,7-9 years,OWN,30.58,765,Defaulted,0.07,3,4260,59486
196,30199,36 months,20.76,239.09,A,130117,7-9 years,RENT,38.46,684,Charged Off,0.12,3,33019,95510
197,21371,36 months,22.29,573.79,D,74439,1-3 years,OWN,18.04,788,Fully Paid,0.6,0,4145,67294
198,16835,60 months,17.17,477.35,A,44308,1-3 years,MORTGAGE,34.34,736,Fully Paid,0.27,0,32753,25860
199,7049,60 months,15.14,885.95,A,121563,<1 year,RENT,11.66,804,Charged Off,0.08,1,8802,77812
200,36616,60 months,8.19,554.57,E,126256,10+ years,RENT,26.14,802,Fully Paid,0.43,3,3263,71087
201,25932,36 months,6.26,244.33,A,65081,<1 year,MORTGAGE,12.12,788,Fully Paid,0.55,1,27913,13486
202,34855,36 months,7.35,689.26,B,105242,7-9 years,MORTGAGE,38.02,807,Charged Off,0.33,0,9155,88063
203,12158,36 months,9.55,805.16,B,80383,1-3 years,MORTGAGE,32.99,743,Defaulted,0.72,4,1922,54607
204,12400,36 months,11.83,152.45,C,39837,7-9 years,OWN,29.74,722,Defaulted,0.64,4,7695,14745
205,20151,60 months,12.62,880.11,E,134135,7-9 years,RENT,34.72,601,Defaulted,0.33,0,21672,83533
206,6154,60 months,11.93,308.12,C,82151,4-6 years,OWN,29.43,705,Fully Paid,0.75,3,39526,23330
207,9499,60 months,9.78,619.26,B,148128,4-6 years,MORTGAGE,39.07,707,Fully Paid,0.65,4,46344,45078
208,11295,36 months,15.19,503.43,C,66824,7-9 years,OWN,31.42,671,Fully Paid,0.64,3,20014,60332
209,17183,36 months,21.51,761.71,E,63073,1-3 years,MORTGAGE,37.74,770,Fully Paid,0.55,4,8816,59532
210,34299,36 months,10.59,465.49,E,142651,7-9 years,OWN,25.51,725,Fully Paid,0.01,3,26743,95365
211,17874,60 months,23.85,889.3,A,127624,4-6 years,OWN,13.51,769,Defaulted,0.7,4,41324,48336
212,37711,60 months,22.47,770.92,D,123648,1-3 years,MORTGAGE,25.85,804,Defaulted,0.38,3,49993,13070
213,10539,36 months,8.24,700.56,A,56299,7-9 years,OWN,13.81,656,Fully Paid,0.94,1,29539,6320
214,7557,60 months,20.73,826.8,E,129993,10+ years,RENT,27.77,680,Defaulted,0.82,3,31102,94043
215,21482,36 months,16.49,790.92,B,88861,10+ years,OWN,24.47,830,Defaulted,0.59,1,39698,43921
216,7200,36 months,16.33,180.55,B,60063,7-9 years,OWN,28.68,815,Fully Paid,0.25,1,12633,11589
217,7961,60 months,12.82,485.52,A,99453,1-3 years,RENT,10.3,794,Fully Paid,0.2,0,24384,69409
218,26357,36 months,15.02,941.19,E,98472,7-9 years,MORTGAGE,15.85,757,Fully Paid,0.34,1,4512,97995
219,16969,60 months,12.94,256.87,B,132166,7-9 years,RENT,24.74,843,Fully Paid,0.48,2,7066,20589
220,7869,36 months,15.79,776.53,E,44506,4-6 years,OWN,38.52,740,Fully Paid,0.3,1,32500,41375
221,33643,60 months,17.56,978.4,B,124341,10+ years,MORTGAGE,21.51,618,Fully Paid,0.51,3,14207,48085
222,29736,60 months,18.49,194.37,E,109854,4-6 years,OWN,22.73,606,Fully Paid,0.17,1,21106,65840
223,28328,60 months,15.65,729.86,C,143604,4-6 years,OWN,31.44,736,Fully Paid,0.98,3,15322,48200
224,30876,36 months,19.43,547.93,E,56026,7-9 years,RENT,28.11,810,Charged Off,0.11,3,35828,31732
225,26295,36 months,7.83,642.3,E,57672,4-6 years,RENT,18.97,836,Fully Paid,0.93,2,47781,27426
226,8987,60 months,9.24,222.54,A,68417,10+ years,MORTGAGE,22.32,653,Defaulted,0.91,1,20418,35982
227,27399,60 months,21.37,186.56,C,82413,4-6 years,MORTGAGE,16.53,703,Fully Paid,0.53,1,3387,64720
228,38986,36 months,11.45,716.84,D,95066,10+ years,MORTGAGE,38.98,685,Fully Paid,0.72,4,9031,21746
229,25880,36 months,5.46,849.81,A,89213,4-6 years,OWN,13.92,681,Charged Off,0.44,4,2799,33514
230,9735,36 months,8.08,814.71,D,80971,10+ years,RENT,21.16,660,Fully Paid,0.63,0,36548,69889
231,9555,60 months,9.47,612.23,B,57281,4-6 years,RENT,10.78,686,Fully Paid,0.34,3,34895,8851
232,24830,36 months,24.15,234.89,D,143978,4-6 years,RENT,16.65,601,Defaulted,0.3,2,25914,24796
233,22429,36 months,16.46,734.84,E,58091,1-3 years,MORTGAGE,33.41,777,Fully Paid,0.58,4,41133,81034
234,11893,60 months,23.65,355.61,D,80494,10+ years,RENT,16.04,841,Fully Paid,0.5,1,15635,67798
235,19373,36 months,16.5,924.41,A,133864,10+ years,RENT,12.4,802,Fully Paid,0.58,0,41379,67985
236,8436,36 months,14.59,862.53,A,143755,10+ years,RENT,24.23,630,Defaulted,0.29,2,46414,39592
237,13754,36 months,11.27,752.98,D,48610,<1 year,MORTGAGE,10.3,632,Fully Paid,0.37,1,8535,49845
238,15677,60 months,17.13,956.52,A,31079,4-6 years,RENT,12.54,805,Fully Paid,0.08,1,48272,20930
239,10895,60 months,7.78,176.71,A,125386,10+ years,MORTGAGE,34.23,679,Fully Paid,0.05,3,43132,26159
240,24738,60 months,22.97,775.77,D,76751,<1 year,RENT,33.14,610,Fully Paid,0.25,3,3808,94788
241,35746,60 months,21.59,430.71,C,116126,1-3 years,RENT,37.45,760,Defaulted,0.07,4,14055,29003
242,37352,60 months,11.35,920.16,C,85432,10+ years,RENT,35.64,727,Fully Paid,0.1,4,28605,40139
243,10600,60 months,24.06,376.67,B,60951,10+ years,MORTGAGE,30.5,734,Fully Paid,0.81,1,27665,57452
244,34124,60 months,21.5,766.13,A,110863,<1 year,MORTGAGE,11.57,727,Fully Paid,0.04,1,33767,27205
245,32643,36 months,18.33,896.0,D,108291,4-6 years,RENT,33.49,630,Defaulted,0.66,4,5297,61955
246,14007,36 months,7.44,185.41,A,89872,1-3 years,OWN,35.37,775,Fully Paid,0.27,4,44977,12464
247,13208,60 months,14.56,488.0,E,37235,10+ years,MORTGAGE,33.97,725,Defaulted,0.87,1,21943,87646
248,23589,36 months,15.12,797.96,A,112733,4-6 years,MORTGAGE,25.25,837,Defaulted,0.48,2,34216,77657
249,22453,36 months,9.65,536.68,A,92712,1-3 years,RENT,16.99,646,Fully Paid,0.31,1,6008,14840
250,37635,60 months,6.6,377.16,C,51473,7-9 years,OWN,35.36,805,Fully Paid,0.52,2,22277,45768
251,38828,36 months,20.53,336.83,D,97567,7-9 years,RENT,31.81,819,Fully Paid,0.38,2,17820,14461
252,23711,36 months,7.44,261.79,A,136818,1-3 years,MORTGAGE,39.42,780,Defaulted,0.56,1,7012,25927
253,8420,36 months,16.89,878.56,C,137399,<1 year,MORTGAGE,14.67,706,Fully Paid,0.11,0,23253,94934
254,36216,36 months,23.73,639.05,B,109823,1-3 years,RENT,16.77,807,Fully Paid,1.0,4,30202,20329
255,5301,36 months,22.52,214.93,C,134215,1-3 years,RENT,16.35,618,Defaulted,0.43,3,30236,20791
256,5699,60 months,10.56,475.19,C,139999,<1 year,OWN,33.78,680,Fully Paid,0.35,1,2620,57627
257,5190,60 months,22.03,462.57,C,62230,<1 year,OWN,15.61,722,Fully Paid,0.71,2,47352,19372
258,15492,60 months,5.01,304.48,A,114573,4-6 years,MORTGAGE,12.0,817,Fully Paid,0.36,1,34716,97890
259,11102,36 months,5.35,520.18,A,122588,4-6 years,OWN,39.96,733,Fully Paid,0.83,4,10319,53469
260,24778,60 months,17.05,432.28,B,98876,<1 year,OWN,10.74,706,Defaulted,0.45,2,17575,92073
261,31641,36 months,12.3,440.53,E,70644,7-9 years,MORTGAGE,35.06,648,Fully Paid,0.72,3,13204,39370
262,39584,36 months,12.73,778.17,E,78664,7-9 years,MORTGAGE,20.96,672,Fully Paid,0.11,3,12952,56408
263,37745,36 months,16.29,339.77,E,75203,1-3 years,MORTGAGE,35.25,649,Defaulted,0.85,3,18787,95941
264,28093,36 months,8.84,695.58,B,96677,10+ years,MORTGAGE,26.64,680,Fully Paid,0.74,0,34872,28703
265,5569,60 months,9.24,635.05,E,55425,1-3 years,RENT,37.05,694,Charged Off,0.21,2,30376,20234
266,39663,60 months,14.69,632.88,E,114817,1-3 years,MORTGAGE,37.79,611,Charged Off,0.15,2,1548,12532
267,12455,36 months,20.09,713.56,C,137585,10+ years,MORTGAGE,10.27,622,Fully Paid,0.32,0,12640,40416
268,9014,60 months,17.39,616.12,A,115961,<1 year,MORTGAGE,12.26,653,Fully Paid,0.98,2,27437,77439
269,16093,36 months,10.95,897.37,A,130342,7-9 years,OWN,17.51,717,Defaulted,0.26,0,23145,23242
270,23070,60 months,13.61,724.24,C,127649,1-3 years,MORTGAGE,30.08,796,Fully Paid,0.46,1,8903,55254
271,21538,60 months,8.41,614.92,C,99806,10+ years,RENT,36.65,834,Fully Paid,0.03,4,19168,84324
272,15729,36 months,6.49,855.3,C,72814,4-6 years,RENT,23.8,827,Defaulted,0.4,3,27863,40249
273,39177,60 months,20.65,665.22,A,100219,1-3 years,MORTGAGE,28.21,658,Fully Paid,0.57,0,44381,90078
274,5784,36 months,10.31,397.47,E,79646,7-9 years,RENT,15.65,763,Defaulted,0.95,0,29548,37294
275,32751,60 months,8.56,326.03,C,69884,<1 year,OWN,34.15,602,Fully Paid,0.52,0,9990,64784
276,17533,36 months,18.83,279.48,B,125345,1-3 years,MORTGAGE,39.02,657,Fully Paid,0.82,1,12467,8684
277,10801,36 months,17.36,914.54,C,130088,1-3 years,RENT,18.06,815,Fully Paid,0.55,0,24901,28795
278,24190,60 months,17.66,753.62,D,148198,10+ years,RENT,24.84,782,Charged Off,0.04,4,24301,65301
279,34592,60 months,9.58,946.77,C,99322,4-6 years,MORTGAGE,12.58,656,Fully Paid,0.32,4,38006,74187
280,15647,36 months,9.65,662.8,A,51650,4-6 years,RENT,26.77,744,Defaulted,0.58,3,20644,15431
281,13716,60 months,9.42,552.39,C,124242,<1 year,MORTGAGE,25.08,766,Fully Paid,0.95,1,5367,80667
282,28355,60 months,8.48,200.76,D,39190,7-9 years,RENT,14.33,689,Fully Paid,0.86,4,39419,94627
283,27009,36 months,18.11,720.9,B,68196,<1 year,OWN,23.26,795,Fully Paid,0.23,2,17204,95381
284,29376,36 months,21.96,644.88,E,69449,1-3 years,RENT,20.02,654,Fully Paid,0.22,2,20755,95027
285,9780,60 months,19.49,991.68,C,69661,1-3 years,RENT,25.65,644,Fully Paid,0.2,2,3093,60372
286,7368,36 months,20.84,353.28,D,59709,4-6 years,MORTGAGE,27.57,803,Fully Paid,0.92,0,5001,75366
287,17039,36 months,13.1,601.13,D,140965,7-9 years,RENT,10.25,600,Fully Paid,0.85,0,31783,99176
288,11655,36 months,18.08,703.31,B,110428,10+ years,MORTGAGE,32.83,620,Charged Off,0.77,2,23940,77870
289,9495,60 months,12.08,697.9,A,105179,7-9 years,OWN,31.39,810,Fully Paid,0.39,3,8810,52387
290,15893,60 months,15.51,627.1,C,39943,1-3 years,MORTGAGE,20.99,620,Charged Off,0.5,3,45040,57927
291,30547,36 months,14.63,810.39,D,73240,10+ years,MORTGAGE,11.59,651,Fully Paid,0.46,0,38322,14304
292,27386,60 months,8.54,324.23,B,75760,7-9 years,RENT,32.65,681,Fully Paid,0.25,2,27008,22032
293,18403,36 months,12.74,766.78,E,51042,7-9 years,OWN,38.66,770,Fully Paid,0.51,3,19901,96291
294,37097,60 months,24.28,676.77,D,73894,10+ years,MORTGAGE,17.2,779,Fully Paid,0.03,0,28433,64486
295,18121,36 months,9.97,911.66,B,36869,1-3 years,RENT,19.71,666,Fully Paid,0.13,2,42465,70552
296,15966,36 months,7.68,870.12,A,91078,7-9 years,RENT,15.51,712,Fully Paid,0.89,1,23189,78844
297,38621,60 months,13.37,417.87,A,86759,10+ years,MORTGAGE,27.31,643,Fully Paid,0.75,2,46139,34654
298,33312,36 months,20.81,384.8,D,135973,1-3 years,RENT,14.65,759,Defaulted,0.42,2,29730,44244
299,27677,60 months,16.64,984.41,D,74306,10+ years,MORTGAGE,20.69,609,Fully Paid,0.52,4,10236,10942
300,36289,60 months,18.62,598.18,C,138369,10+ years,MORTGAGE,30.91,663,Defaulted,0.37,4,47537,55697
301,36024,36 months,8.79,920.46,B,85371,7-9 years,MORTGAGE,26.8,831,Fully Paid,0.74,1,8061,7693
302,9777,36 months,17.38,289.3,D,50918,1-3 years,OWN,21.59,806,Fully Paid,0.78,1,19588,61751
303,34749,60 months,11.47,696.4,C,58379,7-9 years,MORTGAGE,22.61,668,Fully Paid,0.76,2,4902,86098
304,20338,36 months,21.69,838.38,C,138475,<1 year,RENT,26.86,667,Fully Paid,0.72,3,35120,11259
305,7491,36 months,17.59,955.29,D,120810,<1 year,OWN,10.18,849,Fully Paid,0.2,1,35364,9942
306,32236,36 months,8.98,436.74,A,113232,1-3 years,RENT,12.36,627,Fully Paid,0.34,2,42535,52419
307,19599,36 months,6.29,766.23,B,32962,10+ years,OWN,36.44,780,Fully Paid,0.47,0,34447,61105
308,24508,36 months,5.85,607.99,B,43851,7-9 years,OWN,12.34,715,Fully Paid,0.33,4,29874,70907
309,8051,60 months,12.43,201.53,A,147626,7-9 years,OWN,31.2,650,Fully Paid,0.75,3,21096,32383
310,26606,60 months,10.32,736.5,D,75747,1-3 years,OWN,37.6,780,Fully Paid,0.33,2,13020,28404
311,26699,36 months,17.92,736.58,B,82349,1-3 years,RENT,18.12,603,Fully Paid,0.14,0,45864,77656
312,5876,36 months,14.99,941.02,D,100832,<1 year,MORTGAGE,21.11,678,Charged Off,0.4,4,45153,10702
313,37093,36 months,10.32,572.72,D,86356,4-6 years,RENT,27.07,616,Defaulted,0.98,0,42277,78883
314,9142,60 months,7.98,345.71,C,44745,1-3 years,MORTGAGE,36.45,707,Fully Paid,0.23,2,22685,61332
315,20202,36 months,7.54,187.88,A,35730,4-6 years,RENT,38.26,794,Defaulted,0.61,1,39502,44419
316,12079,60 months,22.29,503.3,D,43921,1-3 years,OWN,32.19,673,Defaulted,0.43,4,16675,95576
317,12987,60 months,9.87,406.63,E,128430,10+ years,OWN,12.6,774,Fully Paid,0.07,0,25365,93078
318,33940,60 months,18.03,796.93,A,101138,10+ years,MORTGAGE,30.07,833,Fully Paid,0.49,1,23276,78844
319,22019,36 months,21.21,451.13,B,113111,<1 year,MORTGAGE,22.31,783,Charged Off,0.7,3,13693,44242
320,23077,60 months,17.28,956.71,C,49023,<1 year,RENT,24.12,622,Fully Paid,0.51,2,24513,39142
321,31258,36 months,22.19,967.96,B,75349,4-6 years,MORTGAGE,11.47,617,Charged Off,0.87,2,24621,12393
322,26136,60 months,12.85,677.77,B,111533,1-3 years,RENT,15.73,728,Fully Paid,0.29,4,24711,74939
323,13311,36 months,24.12,939.36,A,113286,7-9 years,MORTGAGE,33.72,634,Fully Paid,0.09,0,41175,74082
324,22214,60 months,7.66,796.73,B,71979,<1 year,MORTGAGE,23.62,663,Fully Paid,0.94,3,45554,33893
325,19098,36 months,7.04,614.83,D,52837,7-9 years,MORTGAGE,19.05,844,Fully Paid,0.38,4,28785,14388
326,33251,60 months,18.17,303.26,B,44997,7-9 years,OWN,21.52,785,Defaulted,0.58,4,3542,67969
327,30945,36 months,23.86,539.81,C,134975,1-3 years,OWN,35.63,822,Charged Off,0.79,0,18062,41660
328,30316,36 months,21.18,626.74,C,118603,4-6 years,RENT,32.47,658,Fully Paid,0.32,3,6366,94244
329,37217,36 months,6.53,884.37,E,75039,1-3 years,MORTGAGE,18.17,835,Fully Paid,0.72,0,27465,29726
330,13308,36 months,10.59,559.13,C,50923,<1 year,RENT,13.53,600,Defaulted,0.14,2,33286,84544
331,10949,60 months,23.61,913.02,B,38876,7-9 years,MORTGAGE,17.56,730,Fully Paid,0.29,1,41178,67996
332,6150,60 months,10.06,723.2,C,90973,1-3 years,OWN,37.62,666,Fully Paid,0.14,2,43603,5111
333,28944,36 months,20.62,266.45,A,32887,1-3 years,OWN,27.45,636,Fully Paid,0.81,2,14647,22545
334,39699,60 months,21.5,995.73,C,93723,1-3 years,MORTGAGE,26.0,810,Defaulted,0.22,4,39309,45168
335,14204,36 months,14.91,598.15,D,72422,<1 year,MORTGAGE,27.89,628,Defaulted,0.72,2,44201,7379
336,6081,36 months,12.73,483.08,A,132390,4-6 years,OWN,20.98,688,Fully Paid,0.94,3,44315,92346
337,34305,60 months,14.0,710.25,E,81413,1-3 years,OWN,34.21,760,Fully Paid,0.53,2,10860,46120
338,21896,36 months,9.54,242.56,D,132484,<1 year,RENT,25.7,699,Charged Off,0.54,3,11745,22809
339,12805,36 months,22.79,691.06,B,32841,7-9 years,OWN,13.5,788,Fully Paid,0.46,0,7818,57813
340,10237,60 months,14.01,573.5,B,58756,10+ years,MORTGAGE,13.87,820,Fully Paid,0.33,4,15101,79005
341,25056,36 months,22.65,495.67,B,101576,<1 year,RENT,26.11,721,Fully Paid,0.48,3,6028,32967
342,8343,36 months,7.11,960.07,D,148248,10+ years,MORTGAGE,38.1,689,Defaulted,0.6,2,33725,14748
343,18500,36 months,24.77,594.16,D,40304,1-3 years,RENT,19.25,731,Fully Paid,0.99,4,49566,28424
344,34375,36 months,13.87,336.25,D,60341,1-3 years,MORTGAGE,36.09,840,Fully Paid,0.94,4,44722,91512
345,14662,60 months,5.96,540.12,A,34758,<1 year,OWN,32.92,613,Fully Paid,0.86,3,22087,28914
346,21964,60 months,5.76,931.48,A,47010,10+ years,MORTGAGE,17.43,841,Fully Paid,0.89,3,46538,83478
347,13130,60 months,19.92,299.68,B,90758,1-3 years,RENT,11.09,818,Fully Paid,0.47,1,10438,24491
348,24531,36 months,18.18,331.86,C,61658,7-9 years,MORTGAGE,13.06,760,Fully Paid,0.66,1,19156,54454
349,6679,36 months,21.04,161.08,B,79002,4-6 years,RENT,31.85,749,Fully Paid,0.9,4,19548,75069
350,8506,60 months,7.11,162.06,E,133318,4-6 years,MORTGAGE,15.99,775,Fully Paid,0.39,1,40879,56925
351,18284,36 months,5.71,854.98,A,31375,1-3 years,OWN,21.14,730,Fully Paid,0.96,2,25767,94119
352,12253,36 months,15.17,772.3,D,129485,10+ years,OWN,25.05,814,Fully Paid,0.42,0,39881,42049
353,24128,36 months,12.75,451.78,A,52092,1-3 years,MORTGAGE,31.76,684,Charged Off,0.6,4,3563,32821
354,32932,36 months,14.24,743.56,D,30490,10+ years,MORTGAGE,13.4,832,Defaulted,0.71,0,49657,34945
355,14435,60 months,24.83,485.93,E,33729,7-9 years,MORTGAGE,22.19,750,Fully Paid,0.95,1,9498,22384
356,18296,60 months,24.41,959.96,E,35974,10+ years,RENT,24.55,795,Defaulted,0.24,3,9131,33410
357,35445,60 months,23.85,971.99,A,148222,1-3 years,MORTGAGE,26.22,620,Fully Paid,0.75,4,26107,82734
358,18245,36 months,20.68,483.87,D,115216,7-9 years,MORTGAGE,34.55,828,Charged Off,0.52,1,29793,68766
359,34124,60 months,12.1,876.09,E,113860,<1 year,RENT,15.15,770,Fully Paid,0.27,2,3696,99890
360,34899,60 months,13.24,807.13,B,126870,4-6 years,OWN,34.23,822,Fully Paid,0.78,4,24705,12169
361,34222,36 months,15.99,413.5,B,51398,1-3 years,MORTGAGE,30.79,812,Fully Paid,0.55,4,24397,45129
362,31211,36 months,21.61,347.23,D,64650,1-3 years,MORTGAGE,26.68,625,Fully Paid,0.66,3,8704,8830
363,31646,60 months,6.37,539.5,A,51292,1-3 years,OWN,30.99,640,Charged Off,0.32,4,17442,61306
364,28049,60 months,13.49,814.15,E,131291,7-9 years,OWN,22.36,721,Fully Paid,0.48,3,10765,91940
365,19069,60 months,6.65,966.14,A,133889,<1 year,RENT,14.15,826,Fully Paid,0.62,1,11002,70267
366,37580,60 months,15.29,799.04,B,33159,10+ years,MORTGAGE,29.97,637,Fully Paid,0.4,2,12390,32757
367,36843,36 months,22.98,876.93,E,128162,<1 year,MORTGAGE,25.74,687,Defaulted,0.2,2,45436,68867
368,7849,60 months,20.65,662.6,A,92766,7-9 years,RENT,29.18,610,Fully Paid,0.96,4,19946,40650
369,28289,60 months,9.56,860.1,C,124887,1-3 years,OWN,20.14,832,Fully Paid,0.51,4,7641,38766
370,14823,36 months,24.52,816.76,D,132834,4-6 years,RENT,37.21,628,Charged Off,0.73,1,34709,86478
371,14540,60 months,18.35,470.44,D,47065,1-3 years,OWN,27.62,838,Fully Paid,0.41,3,46583,37419
372,21364,36 months,5.21,619.19,C,51638,10+ years,RENT,12.56,846,Fully Paid,0.36,2,40309,21668
373,9611,36 months,10.11,834.04,B,31073,4-6 years,OWN,23.49,659,Charged Off,0.41,3,16624,21246
374,32663,36 months,10.21,189.15,E,76511,1-3 years,RENT,32.69,794,Fully Paid,0.41,1,10966,29996
375,35977,60 months,6.39,836.87,D,114307,4-6 years,OWN,33.82,792,Fully Paid,0.54,2,24814,56312
376,34168,60 months,24.2,301.2,C,130997,<1 year,OWN,24.84,843,Fully Paid,0.54,2,35189,8065
377,30471,36 months,14.57,587.48,C,137866,7-9 years,OWN,36.84,660,Defaulted,0.5,0,6765,15467
378,27687,60 months,22.92,837.03,B,59320,1-3 years,OWN,18.03,845,Fully Paid,0.13,1,31222,55646
379,5851,60 months,11.44,365.75,B,99876,10+ years,OWN,22.32,746,Charged Off,0.5,1,18223,26007
380,23071,36 months,7.5,358.94,A,64924,<1 year,MORTGAGE,36.96,773,Defaulted,0.17,0,37769,73079
381,11833,36 months,14.49,492.35,D,111720,1-3 years,OWN,36.89,776,Fully Paid,0.13,3,13647,33702
382,16938,60 months,7.28,910.45,A,70734,<1 year,MORTGAGE,30.57,621,Defaulted,0.93,0,39016,99369
383,31144,36 months,14.72,150.38,C,98116,10+ years,OWN,35.77,677,Fully Paid,0.6,1,5959,80569
384,9000,60 months,23.41,916.18,E,70025,1-3 years,MORTGAGE,12.66,712,Fully Paid,0.66,3,28257,58952
385,10052,60 months,15.42,280.74,E,124503,10+ years,MORTGAGE,35.95,784,Defaulted,0.4,2,32984,63065
386,33074,60 months,17.33,991.57,B,32159,4-6 years,RENT,19.62,722,Charged Off,0.91,0,23212,39169
387,37320,60 months,8.13,961.62,E,78940,10+ years,OWN,15.35,741,Fully Paid,0.64,3,28215,21829
388,8913,36 months,5.87,570.47,E,109436,4-6 years,RENT,17.18,643,Fully Paid,0.77,3,37657,65135
389,22450,36 months,7.22,585.81,E,106976,1-3 years,RENT,22.54,743,Fully Paid,0.37,3,30057,9522
390,29107,36 months,16.97,559.32,C,44678,4-6 years,OWN,17.54,696,Fully Paid,0.96,0,35094,90687
391,25764,36 months,6.9,690.13,E,91075,1-3 years,RENT,19.62,676,Fully Paid,0.82,2,39669,40319
392,25491,60 months,12.52,227.11,E,77204,1-3 years,OWN,14.05,829,Fully Paid,0.85,3,37126,31543
393,8373,60 months,16.0,177.73,E,42021,7-9 years,RENT,18.89,840,Fully Paid,0.17,0,35353,35473
394,17161,36 months,12.77,199.05,A,36772,1-3 years,OWN,27.17,739,Fully Paid,0.27,1,14500,12699
395,36996,60 months,8.27,527.71,C,97163,4-6 years,OWN,23.26,654,Fully Paid,0.29,0,45328,73165
396,32122,60 months,10.48,384.22,B,139968,7-9 years,OWN,20.4,650,Defaulted,0.27,0,17772,45455
397,39850,60 months,23.57,678.73,A,103755,7-9 years,MORTGAGE,32.39,701,Defaulted,0.86,0,49586,80692
398,32350,36 months,18.52,993.58,D,53464,1-3 years,RENT,36.81,766,Fully Paid,0.03,3,4332,22441
399,32472,36 months,14.92,478.37,C,81137,10+ years,MORTGAGE,32.7,760,Fully Paid,0.08,0,23218,35716
400,33761,36 months,5.25,637.77,C,60232,10+ years,RENT,19.96,760,Fully Paid,0.27,1,36588,67175
401,30351,60 months,24.85,503.26,D,91497,7-9 years,RENT,32.33,628,Fully Paid,0.2,3,16472,11834
402,28132,36 months,18.43,870.18,D,138017,1-3 years,RENT,14.56,668,Fully Paid,0.23,1,5959,23179
403,20305,36 months,11.34,916.9,D,104024,10+ years,MORTGAGE,13.91,797,Defaulted,0.8,4,18443,31219
404,14817,36 months,22.59,895.75,B,130485,1-3 years,RENT,20.37,758,Fully Paid,0.56,0,46134,20782
405,16261,36 months,10.17,978.22,E,139898,1-3 years,MORTGAGE,34.23,679,Fully Paid,0.01,3,26874,86363
406,5417,36 months,15.88,173.39,C,81448,7-9 years,OWN,17.39,630,Fully Paid,0.43,3,2301,79967
407,25358,36 months,17.72,863.84,E,135468,7-9 years,RENT,11.9,816,Fully Paid,0.41,0,44319,14496
408,8267,60 months,9.42,789.01,E,114517,<1 year,RENT,13.95,711,Fully Paid,0.11,2,25080,93867
409,22209,60 months,24.57,344.39,D,30901,10+ years,OWN,35.76,645,Charged Off,0.68,2,21683,44238
410,29052,36 months,19.96,962.87,B,117980,10+ years,OWN,29.01,696,Fully Paid,0.7,1,30656,51025
411,31092,36 months,16.16,275.95,A,137594,10+ years,RENT,17.6,804,Fully Paid,0.72,0,23455,64886
412,16338,60 months,8.61,727.62,B,113597,4-6 years,OWN,26.66,651,Fully Paid,0.73,0,5112,28563
413,5412,60 months,6.08,341.16,E,32881,1-3 years,MORTGAGE,25.83,737,Charged Off,0.0,4,46531,8712
414,12543,36 months,11.4,516.67,B,59863,7-9 years,MORTGAGE,29.66,815,Fully Paid,0.95,2,45542,99067
415,38496,36 months,20.06,761.29,D,141362,10+ years,RENT,17.0,673,Fully Paid,0.81,2,17882,50489
416,28548,36 months,10.39,628.83,A,35622,<1 year,MORTGAGE,35.93,640,Defaulted,0.9,0,33145,37664
417,32384,36 months,15.79,513.38,D,31378,10+ years,MORTGAGE,19.28,822,Fully Paid,0.02,1,42388,17420
418,23888,60 months,19.56,427.39,A,113168,1-3 years,RENT,30.82,676,Fully Paid,0.93,0,33735,59610
419,22506,36 months,7.16,863.71,E,123847,1-3 years,OWN,10.48,730,Fully Paid,0.81,1,8245,10315
420,25463,36 months,18.71,272.24,A,101186,7-9 years,RENT,21.18,786,Fully Paid,0.84,2,45599,75917
421,22955,36 months,6.84,515.59,A,75201,4-6 years,MORTGAGE,20.55,713,Fully Paid,0.09,4,3105,80033
422,10104,36 months,24.3,918.19,A,137760,7-9 years,RENT,26.3,651,Fully Paid,0.74,3,43513,99576
423,39911,60 months,14.77,868.97,B,89251,10+ years,RENT,12.18,761,Fully Paid,0.96,2,22711,84030
424,28190,60 months,8.01,490.8,B,102572,<1 year,MORTGAGE,33.7,776,Fully Paid,0.68,1,6630,68910
425,12357,60 months,11.85,798.64,E,69255,7-9 years,MORTGAGE,16.53,755,Fully Paid,0.57,0,4206,65972
426,37479,36 months,13.27,849.69,A,93212,4-6 years,RENT,30.31,810,Fully Paid,0.95,2,19953,95893
427,25150,36 months,20.16,905.55,C,80210,7-9 years,MORTGAGE,34.1,686,Fully Paid,0.44,4,36396,60919
428,10644,60 months,19.87,612.83,E,146736,1-3 years,MORTGAGE,26.86,708,Charged Off,0.6,1,11068,87486
429,7914,36 months,17.24,323.79,A,52499,10+ years,MORTGAGE,32.23,823,Fully Paid,0.48,0,14394,86288
430,26352,36 months,7.12,367.01,A,132552,10+ years,MORTGAGE,29.86,740,Fully Paid,0.93,3,2067,9132
431,19397,60 months,8.03,401.34,B,81628,10+ years,MORTGAGE,20.67,824,Fully Paid,0.08,1,16245,46598
432,5728,60 months,6.88,654.73,E,91360,10+ years,MORTGAGE,34.27,825,Fully Paid,0.5,0,10859,98812
433,5698,60 months,16.54,177.89,A,34603,10+ years,OWN,18.84,824,Fully Paid,0.69,3,30164,25551
434,18923,60 months,22.54,690.64,A,123309,10+ years,RENT,27.14,847,Fully Paid,0.79,0,40410,97511
435,21779,36 months,13.68,459.7,E,115473,<1 year,MORTGAGE,32.36,668,Fully Paid,0.58,3,16377,73206
436,12400,36 months,8.22,400.96,C,42632,4-6 years,RENT,21.37,719,Fully Paid,0.91,3,37834,79900
437,29466,60 months,16.16,897.57,E,60607,10+ years,OWN,19.08,666,Defaulted,0.94,3,34715,31296
438,9360,36 months,21.24,541.0,E,121873,4-6 years,MORTGAGE,23.78,660,Fully Paid,0.06,0,21773,95216
439,22101,60 months,19.83,230.8,C,95756,10+ years,RENT,34.54,787,Fully Paid,0.4,3,34939,23066
440,37307,60 months,22.63,852.73,E,76994,7-9 years,MORTGAGE,37.9,670,Fully Paid,0.02,1,49599,33892
441,10486,36 months,10.56,190.5,A,93382,10+ years,MORTGAGE,26.35,751,Fully Paid,0.33,4,7114,80577
442,13335,60 months,8.88,767.74,E,100354,1-3 years,MORTGAGE,29.84,790,Fully Paid,0.54,4,33939,79590
443,26364,36 months,22.6,807.82,C,86344,<1 year,MORTGAGE,37.1,813,Fully Paid,0.91,3,13818,82173
444,28576,36 months,18.15,449.71,D,83775,7-9 years,MORTGAGE,12.96,836,Fully Paid,0.85,4,10335,81293
445,36667,36 months,11.22,851.07,E,37349,7-9 years,MORTGAGE,16.96,788,Defaulted,0.13,4,43819,69771
446,16130,36 months,19.85,588.31,B,101154,1-3 years,MORTGAGE,31.27,750,Defaulted,0.09,3,7209,32484
447,26972,60 months,21.3,543.8,A,57464,10+ years,OWN,34.71,629,Fully Paid,0.59,3,44148,82865
448,6167,36 months,17.3,188.59,A,72624,<1 year,OWN,35.71,787,Fully Paid,0.53,1,4577,32115
449,32192,60 months,18.76,396.52,B,67344,7-9 years,MORTGAGE,22.45,745,Defaulted,0.27,2,9380,31038
450,6062,60 months,12.51,941.36,B,113791,<1 year,MORTGAGE,12.68,695,Fully Paid,0.9,0,5076,41622
451,23540,60 months,15.77,483.05,E,54299,7-9 years,OWN,23.13,655,Fully Paid,0.93,3,33925,40886
452,29244,60 months,15.48,614.7,B,77975,10+ years,OWN,16.92,652,Fully Paid,0.4,3,41545,56284
453,26545,36 months,21.96,602.22,D,31462,7-9 years,OWN,18.74,606,Fully Paid,0.89,4,42205,14901
454,26689,36 months,21.8,651.87,C,111441,7-9 years,MORTGAGE,33.17,696,Fully Paid,0.38,1,12095,61377
455,16174,60 months,21.65,202.13,B,120456,4-6 years,RENT,12.27,796,Fully Paid,0.74,4,49047,87910
456,27925,60 months,5.22,457.85,B,111788,10+ years,RENT,34.83,712,Fully Paid,0.48,3,20179,54862
457,14348,36 months,19.99,764.66,D,136540,1-3 years,RENT,22.83,819,Fully Paid,0.12,3,40968,37806
458,28714,60 months,20.17,320.48,A,70581,1-3 years,RENT,27.88,724,Defaulted,0.93,4,29400,22659
459,13924,36 months,18.57,323.04,A,130372,10+ years,MORTGAGE,12.69,799,Fully Paid,0.45,3,19761,28453
460,29394,60 months,20.13,158.58,E,101289,1-3 years,RENT,20.12,806,Fully Paid,0.73,2,48615,35498
461,11801,36 months,21.84,521.86,D,135541,10+ years,OWN,12.69,779,Fully Paid,0.37,0,42809,75393
462,11731,60 months,14.41,900.32,C,44175,1-3 years,OWN,38.85,731,Defaulted,0.02,0,2810,21312
463,28625,60 months,15.04,194.12,C,36191,4-6 years,RENT,34.22,761,Defaulted,0.1,0,22574,6436
464,22337,36 months,7.49,312.45,D,113434,1-3 years,OWN,23.79,796,Fully Paid,0.5,2,29562,32569
465,12056,60 months,12.71,413.57,C,114518,7-9 years,MORTGAGE,16.71,760,Fully Paid,0.69,3,41663,63813
466,16516,60 months,17.87,771.97,A,110158,10+ years,RENT,38.0,720,Defaulted,0.33,4,19510,95485
467,6542,36 months,20.61,694.54,C,96537,<1 year,RENT,20.34,796,Fully Paid,0.7,1,7953,78229
468,26677,60 months,9.34,503.55,C,145721,<1 year,MORTGAGE,14.83,637,Fully Paid,0.7,3,40091,50986
469,32569,36 months,7.76,795.21,D,77645,10+ years,OWN,26.89,825,Fully Paid,0.7,2,23131,58177
470,28322,36 months,18.26,668.19,D,138536,4-6 years,MORTGAGE,38.31,721,Fully Paid,0.49,2,27883,14305
471,24065,60 months,5.04,911.63,C,53283,1-3 years,MORTGAGE,10.11,625,Fully Paid,0.91,0,39373,37646
472,22924,60 months,8.57,845.32,B,116971,4-6 years,OWN,17.14,728,Fully Paid,0.49,3,6891,97838
473,27556,60 months,5.58,364.89,D,122759,<1 year,MORTGAGE,38.15,603,Fully Paid,0.45,0,36844,81126
474,31962,60 months,8.34,380.72,E,89123,10+ years,OWN,15.13,638,Charged Off,0.2,1,19728,45430
475,33295,60 months,8.63,256.55,E,132780,10+ years,OWN,13.4,653,Defaulted,0.31,0,34387,73659
476,18807,60 months,12.75,436.42,A,60024,4-6 years,MORTGAGE,27.11,817,Charged Off,0.04,1,12094,9158
477,31432,60 months,13.05,999.61,C,79630,4-6 years,OWN,35.86,760,Charged Off,0.63,2,3407,79236
478,22749,36 months,22.49,494.89,B,60734,1-3 years,MORTGAGE,24.31,632,Fully Paid,0.25,0,13644,81067
479,31256,60 months,15.2,337.42,A,30515,7-9 years,OWN,39.84,799,Fully Paid,0.3,0,36772,32738
480,6324,36 months,19.47,798.11,C,140782,7-9 years,RENT,30.38,619,Fully Paid,0.77,4,21298,14879
481,30731,60 months,7.08,611.1,D,96727,1-3 years,OWN,12.22,615,Defaulted,0.33,2,44446,10543
482,28803,60 months,9.51,277.16,E,127800,7-9 years,OWN,39.78,748,Fully Paid,0.24,4,37807,52924
483,24870,36 months,19.06,473.59,B,139164,<1 year,MORTGAGE,22.24,772,Charged Off,0.17,1,35072,47348
484,39578,60 months,6.06,502.3,E,76216,7-9 years,OWN,18.62,846,Fully Paid,0.77,1,39398,89117
485,11588,60 months,14.73,790.76,D,101833,1-3 years,RENT,26.74,847,Defaulted,0.13,2,29669,41679
486,31790,36 months,16.99,167.57,C,88755,7-9 years,RENT,19.13,726,Fully Paid,0.45,1,31161,84118
487,30289,60 months,17.04,378.67,D,57856,10+ years,OWN,12.59,817,Fully Paid,0.51,2,8282,48888
488,33178,60 months,5.46,589.96,D,144959,4-6 years,OWN,10.04,686,Defaulted,0.69,1,27539,35276
489,33710,60 months,11.44,378.52,E,103870,<1 year,RENT,23.49,681,Fully Paid,0.63,3,4307,9799
490,20485,36 months,17.73,684.17,B,54162,10+ years,MORTGAGE,35.11,661,Defaulted,0.81,0,18745,95627
491,25652,60 months,7.98,559.59,D,36008,10+ years,RENT,27.17,630,Fully Paid,0.04,3,40433,98770
492,9748,60 months,18.91,457.45,E,37987,1-3 years,RENT,39.98,843,Fully Paid,0.3,2,38062,95141
493,26233,60 months,19.92,956.83,B,92532,4-6 years,OWN,18.61,641,Fully Paid,0.28,2,35555,65558
494,14435,60 months,24.64,687.34,C,126502,4-6 years,OWN,18.41,611,Fully Paid,0.15,3,2073,41534
495,8709,36 months,9.2,260.45,C,33332,<1 year,RENT,14.79,664,Fully Paid,0.29,0,33683,36668
496,35355,36 months,21.5,626.08,A,96323,1-3 years,MORTGAGE,14.92,833,Fully Paid,0.31,0,26741,9111
497,18116,60 months,15.41,813.62,E,68990,<1 year,RENT,18.56,672,Fully Paid,0.52,4,23286,29686
498,30470,60 months,12.47,752.22,B,39873,7-9 years,RENT,33.79,730,Fully Paid,0.66,1,4599,77551
499,19683,36 months,7.45,296.28,D,112542,10+ years,MORTGAGE,37.17,714,Fully Paid,0.38,4,28293,77392
500,5504,36 months,19.71,976.56,C,115761,<1 year,RENT,39.25,817,Fully Paid,0.72,0,16389,21490
501,38982,60 months,9.72,531.49,B,66444,10+ years,RENT,16.97,736,Defaulted,0.34,3,45113,40194
502,39299,36 months,12.43,285.17,E,65340,1-3 years,OWN,36.44,705,Fully Paid,0.29,1,13318,19497
503,33016,60 months,6.25,303.17,A,135219,7-9 years,MORTGAGE,19.85,778,Fully Paid,0.54,3,49875,58516
504,28960,36 months,21.03,233.5,C,35033,1-3 years,OWN,13.39,615,Fully Paid,0.02,4,4055,93730
505,38591,36 months,20.33,832.99,B,103324,7-9 years,OWN,36.1,815,Fully Paid,0.08,2,18043,49104
506,22312,36 months,19.67,253.73,B,45689,7-9 years,MORTGAGE,29.08,841,Fully Paid,0.42,3,7320,10316
507,7105,36 months,10.99,256.36,B,139756,10+ years,MORTGAGE,14.94,677,Charged Off,0.94,4,40281,43130
508,27700,60 months,8.47,872.9,E,117134,1-3 years,RENT,22.89,724,Defaulted,0.72,4,5642,75229
509,39620,36 months,17.75,442.91,E,133016,1-3 years,OWN,18.62,730,Fully Paid,0.09,4,28158,34954
510,25559,36 months,14.92,176.23,E,125239,<1 year,MORTGAGE,32.1,825,Fully Paid,0.85,2,10321,26652
511,32509,60 months,8.57,194.11,D,30066,1-3 years,OWN,23.6,824,Defaulted,0.73,2,15432,19178
512,32860,36 months,18.72,270.84,B,144159,<1 year,OWN,39.68,841,Fully Paid,0.61,2,23757,56163
513,16003,36 months,24.82,331.38,C,75246,4-6 years,MORTGAGE,11.64,751,Fully Paid,0.82,1,38234,19751
514,26732,60 months,19.94,715.37,E,37533,4-6 years,RENT,20.65,800,Fully Paid,0.4,2,27044,70961
515,30826,36 months,19.8,283.73,E,110639,4-6 years,OWN,24.46,740,Fully Paid,0.22,2,22971,8044
516,35354,60 months,24.01,251.04,B,100152,1-3 years,MORTGAGE,25.09,729,Charged Off,0.51,2,45226,68165
517,18843,60 months,9.06,800.01,E,141581,1-3 years,RENT,19.48,798,Fully Paid,0.55,3,49647,16480
518,11190,60 months,16.31,720.4,D,145828,<1 year,OWN,31.88,711,Fully Paid,0.54,2,26727,70439
519,22640,60 months,24.59,520.03,D,89658,7-9 years,MORTGAGE,36.24,726,Fully Paid,0.57,1,23559,48874
520,8330,36 months,8.31,616.91,E,68498,<1 year,OWN,38.16,620,Defaulted,0.95,4,9284,71775
521,24087,60 months,19.01,415.19,B,139028,4-6 years,MORTGAGE,34.15,746,Defaulted,0.9,3,44526,11566
522,29504,36 months,16.72,560.13,B,41772,<1 year,MORTGAGE,35.52,688,Fully Paid,0.88,0,18665,90311
523,12114,36 months,16.73,580.67,B,119385,7-9 years,OWN,26.52,646,Fully Paid,0.8,2,28476,58149
524,18323,36 months,18.95,479.15,A,79036,1-3 years,OWN,34.78,749,Fully Paid,0.94,4,11991,8006
525,39121,36 months,23.59,920.59,E,88531,<1 year,MORTGAGE,19.11,802,Defaulted,0.1,4,20561,77561
526,15975,36 months,20.65,163.65,B,149159,4-6 years,RENT,21.95,760,Defaulted,0.27,3,5511,24423
527,16023,36 months,6.12,814.85,D,42940,4-6 years,OWN,19.51,759,Fully Paid,0.5,0,11796,95710
528,26447,36 months,22.05,255.73,C,148027,1-3 years,MORTGAGE,24.02,791,Defaulted,0.85,1,4881,97199
529,29933,36 months,9.51,827.92,C,46932,<1 year,MORTGAGE,18.57,684,Fully Paid,0.51,4,16668,38952
530,28959,36 months,12.54,673.53,B,125305,7-9 years,RENT,38.85,766,Fully Paid,0.75,4,36181,32326
531,5667,36 months,14.23,866.79,C,86827,1-3 years,RENT,19.39,727,Fully Paid,0.14,4,35312,36139
532,34703,60 months,14.62,232.89,C,91431,<1 year,RENT,12.94,811,Fully Paid,0.25,4,29106,67103
533,14337,60 months,13.7,625.13,A,54648,10+ years,OWN,25.8,671,Fully Paid,0.73,3,28222,65857
534,24129,60 months,23.75,575.92,D,142947,4-6 years,MORTGAGE,11.71,641,Fully Paid,0.16,0,16729,78638
535,36921,36 months,19.12,750.26,D,62966,7-9 years,MORTGAGE,13.32,828,Fully Paid,0.35,4,5784,77652
536,38307,60 months,17.62,604.15,A,57777,7-9 years,MORTGAGE,16.58,608,Fully Paid,0.26,1,39394,17937
537,32355,60 months,6.0,609.62,A,62567,7-9 years,RENT,23.93,624,Fully Paid,0.35,1,38282,35161
538,9835,60 months,23.08,515.16,C,145259,4-6 years,MORTGAGE,23.0,816,Fully Paid,0.71,2,34913,9383
539,25159,36 months,23.19,412.51,E,47174,<1 year,OWN,33.99,824,Fully Paid,0.37,4,10102,90856
540,18216,36 months,20.6,559.92,C,72598,1-3 years,RENT,32.18,601,Fully Paid,0.56,4,45266,75043
541,36471,36 months,5.14,250.72,A,89199,<1 year,RENT,22.79,618,Fully Paid,0.1,4,39218,19735
542,22308,36 months,6.15,967.29,D,43798,1-3 years,RENT,20.01,837,Defaulted,0.81,4,18950,64919
543,32532,60 months,9.5,757.25,C,95364,7-9 years,RENT,19.49,619,Defaulted,0.37,4,5507,87055
544,39349,60 months,7.63,959.6,E,47558,<1 year,OWN,33.22,833,Defaulted,0.65,1,47303,72561
545,10713,60 months,12.98,342.72,C,91084,7-9 years,MORTGAGE,11.56,832,Fully Paid,0.73,0,38016,90455
546,9804,60 months,23.45,897.44,B,74237,10+ years,OWN,10.38,833,Fully Paid,0.21,0,14523,42622
547,15136,36 months,14.44,837.47,C,95497,7-9 years,MORTGAGE,33.87,820,Fully Paid,0.88,2,25667,43135
548,5009,36 months,5.27,725.58,A,30178,7-9 years,OWN,24.31,669,Fully Paid,0.62,1,4992,40658
549,24255,36 months,10.65,681.27,D,146932,1-3 years,RENT,13.93,616,Fully Paid,0.43,4,42290,89677
550,28793,60 months,5.89,419.07,D,116006,10+ years,RENT,17.07,723,Fully Paid,0.18,0,9027,34696
551,34548,36 months,5.73,843.95,A,47118,7-9 years,OWN,37.98,688,Defaulted,0.94,3,23144,8773
552,6015,36 months,10.51,576.29,B,52616,7-9 years,OWN,35.79,829,Fully Paid,0.76,3,26530,29956
553,32712,60 months,10.51,210.26,A,30798,10+ years,MORTGAGE,31.29,795,Charged Off,0.21,3,45740,20819
554,39961,60 months,20.74,415.93,C,37601,10+ years,OWN,24.47,693,Defaulted,0.34,4,16305,6528
555,13415,36 months,24.5,945.0,A,55363,<1 year,OWN,25.61,683,Fully Paid,0.81,4,44561,91491
556,28833,36 months,12.42,873.08,A,32795,1-3 years,MORTGAGE,39.26,730,Defaulted,0.7,2,22731,49588
557,9158,36 months,13.58,984.62,B,127462,10+ years,MORTGAGE,38.97,686,Fully Paid,0.77,2,21673,75585
558,25309,36 months,21.9,683.79,C,75264,10+ years,MORTGAGE,16.46,650,Defaulted,0.44,2,34297,25511
559,11970,36 months,10.36,360.38,E,132892,4-6 years,OWN,34.33,681,Fully Paid,0.72,3,26842,15119
560,11938,36 months,8.13,288.39,E,102833,10+ years,MORTGAGE,15.92,753,Defaulted,0.39,4,24827,80893
561,26168,60 months,22.06,308.88,D,33084,1-3 years,RENT,16.41,783,Fully Paid,0.21,3,38502,21167
562,25384,60 months,5.93,166.83,A,125865,7-9 years,RENT,30.28,827,Charged Off,0.63,2,47666,61503
563,23017,60 months,17.39,482.08,D,106646,7-9 years,RENT,22.15,791,Fully Paid,0.98,4,27173,92789
564,15344,36 months,16.24,312.71,B,30731,7-9 years,OWN,37.95,607,Fully Paid,0.31,1,19909,39889
565,13702,60 months,11.92,499.91,E,31129,7-9 years,RENT,12.67,808,Defaulted,0.46,0,32007,50678
566,5384,36 months,11.3,944.75,A,58022,4-6 years,OWN,25.35,822,Defaulted,0.67,0,13985,65262
567,5404,36 months,20.44,515.96,B,31605,10+ years,OWN,37.56,764,Fully Paid,0.54,2,23525,9681
568,34189,60 months,6.73,896.29,B,107506,7-9 years,RENT,37.12,836,Fully Paid,0.84,3,47757,85291
569,17763,36 months,9.74,664.68,A,139241,<1 year,MORTGAGE,14.7,720,Fully Paid,0.76,1,36510,71008
570,23384,36 months,19.65,360.06,B,74130,7-9 years,OWN,21.0,824,Charged Off,0.06,4,38403,18690
571,37606,60 months,15.97,452.48,A,59265,10+ years,RENT,28.57,754,Defaulted,1.0,3,38193,30912
572,14860,60 months,7.56,221.33,A,62330,7-9 years,OWN,14.78,772,Defaulted,0.75,2,42429,11473
573,20106,60 months,22.64,433.44,C,98469,4-6 years,MORTGAGE,39.04,603,Fully Paid,0.86,3,4830,46298
574,28574,36 months,12.87,725.91,D,45187,1-3 years,MORTGAGE,37.44,685,Fully Paid,0.65,2,1533,23669
575,28524,60 months,21.56,211.29,B,55791,1-3 years,RENT,15.01,727,Fully Paid,0.86,0,48018,86998
576,8636,60 months,20.75,324.59,B,120436,10+ years,OWN,13.63,817,Defaulted,0.11,0,21946,25943
577,15916,36 months,17.49,474.22,C,100610,1-3 years,OWN,12.56,823,Fully Paid,0.35,3,24504,43785
578,9809,60 months,14.89,984.74,C,142341,1-3 years,OWN,37.28,815,Defaulted,0.88,1,46015,68427
579,37201,60 months,24.59,817.13,C,121962,<1 year,OWN,15.81,709,Fully Paid,0.2,4,29255,67001
580,18456,60 months,7.9,773.46,E,69867,10+ years,RENT,22.49,698,Fully Paid,0.08,2,37855,66724
581,39816,36 months,19.5,248.76,E,146178,10+ years,MORTGAGE,23.47,636,Fully Paid,0.79,4,42721,15832
582,22100,36 months,8.82,813.85,E,30893,1-3 years,RENT,27.97,823,Fully Paid,0.84,0,47061,10385
583,26949,36 months,11.77,817.48,A,129694,1-3 years,OWN,12.15,670,Fully Paid,0.16,1,42850,19708
584,9544,36 months,11.17,660.94,B,49773,1-3 years,OWN,16.8,632,Fully Paid,0.85,1,36123,63600
585,31657,60 months,23.94,991.81,D,34239,4-6 years,MORTGAGE,37.94,630,Fully Paid,0.69,4,35723,28438
586,12239,36 months,24.35,426.47,A,50863,7-9 years,OWN,37.25,782,Defaulted,0.52,0,36739,87747
587,19489,36 months,8.66,950.08,B,81415,4-6 years,RENT,33.44,724,Fully Paid,0.83,4,6539,85107
588,33538,60 months,5.44,927.52,B,98968,10+ years,RENT,10.58,611,Fully Paid,0.42,3,8493,65062
589,37049,60 months,19.4,159.76,C,130675,<1 year,MORTGAGE,19.81,610,Fully Paid,0.19,1,36604,70428
590,13427,60 months,13.36,532.6,C,90430,7-9 years,RENT,28.84,687,Fully Paid,0.28,1,22311,91843
591,29285,36 months,6.78,980.54,A,149000,<1 year,RENT,18.26,671,Defaulted,0.51,3,38707,16002
592,27928,36 months,18.68,237.65,C,31515,10+ years,RENT,37.29,631,Fully Paid,0.53,0,4644,41153
593,24198,36 months,15.9,615.62,B,127206,10+ years,RENT,29.02,656,Defaulted,0.81,1,21445,27440
594,24758,60 months,24.61,982.11,C,144210,<1 year,OWN,12.16,765,Fully Paid,0.79,2,36934,72501
595,20254,60 months,9.55,622.17,E,134630,<1 year,RENT,37.27,787,Fully Paid,0.58,2,10511,37556
596,6252,36 months,13.08,311.34,C,44605,<1 year,MORTGAGE,38.73,685,Fully Paid,0.78,0,1183,72963
597,17173,60 months,15.85,644.86,B,86240,10+ years,MORTGAGE,12.33,825,Fully Paid,0.19,3,10475,95725
598,31698,60 months,20.83,323.77,A,35586,1-3 years,RENT,25.97,618,Fully Paid,0.05,4,20230,95674
599,20781,60 months,15.98,591.75,D,131221,<1 year,MORTGAGE,19.1,715,Defaulted,0.87,0,27008,11563
600,18051,36 months,17.26,212.94,C,144205,7-9 years,RENT,21.79,811,Fully Paid,0.08,4,12332,84923
601,11949,60 months,9.52,664.66,B,61186,10+ years,MORTGAGE,15.39,783,Fully Paid,0.25,0,48941,10840
602,13017,60 months,21.94,589.27,D,56928,4-6 years,MORTGAGE,27.34,613,Fully Paid,0.7,2,43756,20154
603,11941,36 months,13.57,779.14,D,128264,4-6 years,RENT,38.74,632,Fully Paid,0.41,3,5722,29194
604,30934,36 months,7.82,686.1,E,113087,7-9 years,RENT,25.09,609,Fully Paid,0.88,2,16194,70020
605,28386,60 months,18.28,617.17,D,117029,1-3 years,OWN,12.49,679,Fully Paid,0.3,3,27631,51861
606,15209,60 months,9.32,736.31,B,50711,<1 year,RENT,28.6,791,Fully Paid,0.01,4,28912,27448
607,22715,36 months,6.95,272.35,B,84962,10+ years,RENT,20.21,663,Fully Paid,0.3,0,18166,28528
608,33920,36 months,22.24,656.06,C,50039,<1 year,OWN,35.68,789,Fully Paid,0.58,1,47840,34402
609,36703,60 months,14.2,296.29,C,66561,10+ years,RENT,23.04,667,Defaulted,0.38,1,16976,9352
610,9637,60 months,19.99,936.69,C,105483,4-6 years,RENT,15.79,818,Fully Paid,0.53,3,39623,5184
611,9854,60 months,10.81,208.08,D,127871,<1 year,OWN,15.73,691,Fully Paid,0.88,3,47062,15384
612,24856,60 months,20.74,515.82,D,111395,7-9 years,RENT,33.06,724,Charged Off,0.91,2,13046,19319
613,26833,36 months,7.24,741.43,E,118658,1-3 years,RENT,17.97,770,Fully Paid,0.27,1,34444,25449
614,24963,60 months,12.12,539.32,C,31577,7-9 years,OWN,33.02,679,Fully Paid,0.46,2,24634,61333
615,32169,60 months,24.56,228.28,A,137792,1-3 years,OWN,16.18,658,Fully Paid,0.55,4,5090,46205
616,12941,36 months,20.88,620.37,E,58350,<1 year,MORTGAGE,19.65,779,Fully Paid,0.95,1,46266,15426
617,19388,60 months,14.95,695.39,A,146908,<1 year,RENT,23.96,696,Fully Paid,1.0,4,31008,12504
618,10569,36 months,11.8,748.22,D,137468,1-3 years,MORTGAGE,38.3,839,Charged Off,0.24,0,23107,61578
619,9300,60 months,22.44,467.27,E,63798,4-6 years,MORTGAGE,37.95,618,Defaulted,0.73,2,46545,63209
620,17015,60 months,15.9,629.11,E,127434,10+ years,OWN,16.21,748,Defaulted,0.38,3,9382,38368
621,11254,36 months,20.17,533.08,B,111417,7-9 years,RENT,20.75,621,Defaulted,0.01,1,48774,57185
622,22144,36 months,20.08,721.25,D,40785,7-9 years,RENT,14.48,608,Fully Paid,0.01,2,10034,85221
623,29214,60 months,5.36,646.02,D,102227,7-9 years,OWN,25.3,608,Fully Paid,0.46,3,9526,13724
624,20183,60 months,7.53,596.89,E,148680,<1 year,MORTGAGE,23.82,800,Defaulted,0.49,0,25073,10084
625,11238,60 months,18.19,362.1,D,91957,7-9 years,OWN,37.02,626,Charged Off,0.02,1,47698,39810
626,11090,36 months,8.23,151.72,E,95431,10+ years,RENT,37.9,616,Fully Paid,0.69,4,2110,87277
627,16637,60 months,10.11,297.97,B,47297,10+ years,OWN,21.51,771,Charged Off,0.29,0,17445,87297
628,27415,36 months,23.93,249.51,E,101894,1-3 years,RENT,24.75,848,Fully Paid,0.56,3,1386,83872
629,29071,36 months,16.2,531.72,D,146869,<1 year,MORTGAGE,36.89,644,Fully Paid,0.3,1,19584,25872
630,23271,60 months,20.01,670.42,D,93772,10+ years,RENT,34.2,607,Fully Paid,0.17,1,46674,83950
631,38434,36 months,16.16,331.12,E,49581,4-6 years,MORTGAGE,10.11,807,Fully Paid,0.41,0,35451,75333
632,9188,60 months,16.05,948.2,E,85192,<1 year,MORTGAGE,19.6,745,Fully Paid,0.23,1,48801,73843
633,15161,60 months,6.88,155.68,E,31462,<1 year,RENT,22.65,724,Fully Paid,0.53,3,49476,7596
634,33732,60 months,11.87,806.46,C,94173,10+ years,RENT,16.89,722,Fully Paid,0.2,0,31549,22167
635,16314,60 months,10.65,681.42,D,45511,4-6 years,MORTGAGE,15.99,632,Fully Paid,0.51,4,7321,92844
636,28954,60 months,12.81,467.52,D,106106,1-3 years,OWN,11.13,600,Fully Paid,0.16,0,25440,94751
637,26508,36 months,20.97,192.92,C,78665,10+ years,RENT,29.3,803,Charged Off,0.67,0,32566,82331
638,26969,36 months,12.44,683.36,E,74414,4-6 years,MORTGAGE,17.88,605,Fully Paid,0.75,4,42446,85520
639,28061,60 months,14.03,477.77,B,111010,<1 year,MORTGAGE,11.57,640,Fully Paid,0.11,3,33521,63326
640,18716,60 months,12.95,945.83,E,102573,4-6 years,OWN,16.93,782,Fully Paid,0.47,2,45692,82670
641,21907,36 months,6.87,610.69,E,123665,<1 year,RENT,34.06,604,Fully Paid,0.07,2,24798,15782
642,23777,36 months,13.82,948.7,C,137803,10+ years,MORTGAGE,35.54,786,Defaulted,0.6,4,14565,47002
643,32693,36 months,8.91,337.41,D,149682,10+ years,OWN,24.49,679,Fully Paid,0.26,3,24027,92187
644,31329,36 months,8.73,766.87,E,43386,7-9 years,MORTGAGE,22.48,617,Defaulted,0.53,1,42500,29022
645,21282,60 months,6.88,674.66,D,84460,7-9 years,RENT,39.34,776,Fully Paid,0.52,4,33095,89458
646,28624,60 months,12.13,778.5,A,36221,7-9 years,OWN,16.02,681,Fully Paid,0.92,2,6631,19618
647,28321,36 months,20.15,332.47,D,53474,10+ years,MORTGAGE,16.46,664,Fully Paid,0.55,3,25329,22245
648,15488,60 months,10.53,715.25,B,136073,1-3 years,OWN,18.76,682,Fully Paid,0.58,0,44020,88796
649,27574,36 months,11.25,573.33,B,145375,10+ years,RENT,15.18,781,Fully Paid,0.4,3,46206,15027
650,10240,60 months,17.85,781.4,E,142660,4-6 years,OWN,21.38,788,Fully Paid,0.95,3,38937,18986
651,15478,36 months,8.92,427.99,D,51045,10+ years,RENT,37.33,735,Fully Paid,0.78,2,7787,8526
652,24262,60 months,22.94,906.55,E,121319,10+ years,MORTGAGE,28.46,730,Fully Paid,0.29,2,39000,96797
653,9432,36 months,15.4,221.66,C,146582,<1 year,RENT,22.36,849,Charged Off,0.84,1,27875,49361
654,34721,36 months,13.95,836.11,B,135693,<1 year,MORTGAGE,38.03,624,Fully Paid,0.43,1,25514,72158
655,18568,60 months,16.16,882.12,E,34922,<1 year,MORTGAGE,11.45,849,Fully Paid,0.83,4,23580,43286
656,19178,36 months,8.32,844.66,C,141943,10+ years,RENT,16.31,668,Fully Paid,0.82,0,21291,34533
657,27195,60 months,17.27,585.82,E,52706,1-3 years,MORTGAGE,26.98,782,Fully Paid,0.19,1,5288,23316
658,5302,60 months,12.26,522.63,D,72771,4-6 years,OWN,28.47,767,Fully Paid,0.7,2,7734,13699
659,22022,36 months,22.94,996.82,D,82335,4-6 years,MORTGAGE,11.19,810,Defaulted,0.29,3,18464,84491
660,5055,60 months,8.38,344.8,D,128015,1-3 years,RENT,22.09,681,Charged Off,0.3,4,40008,63465
661,13717,60 months,15.14,614.84,D,82949,1-3 years,OWN,29.47,777,Fully Paid,0.3,1,8814,21673
662,33699,60 months,16.96,720.07,A,100714,4-6 years,OWN,30.94,716,Fully Paid,0.73,3,44154,28395
663,13150,60 months,5.67,745.74,C,125558,7-9 years,MORTGAGE,29.14,694,Fully Paid,0.23,3,8851,28707
664,7125,60 months,12.27,323.42,C,45240,<1 year,MORTGAGE,19.62,632,Fully Paid,0.0,1,2600,89749
665,21748,36 months,19.65,705.89,D,121756,<1 year,RENT,12.81,710,Fully Paid,0.72,0,7866,80937
666,9621,60 months,21.41,845.61,A,132272,4-6 years,OWN,22.81,745,Fully Paid,0.17,0,4692,91732
667,20034,60 months,11.26,192.52,D,32716,1-3 years,RENT,13.86,724,Fully Paid,0.1,4,21373,61416
668,10126,60 months,20.97,924.79,A,46574,7-9 years,MORTGAGE,38.43,784,Fully Paid,0.24,0,34100,96512
669,10122,60 months,24.36,175.08,D,141815,4-6 years,OWN,24.26,830,Fully Paid,0.38,4,47477,13758
670,23030,60 months,22.14,452.58,B,113255,<1 year,RENT,19.52,615,Fully Paid,0.48,2,47877,72009
671,22302,36 months,7.35,163.44,B,103717,10+ years,RENT,32.99,679,Fully Paid,0.04,1,15847,18281
672,24181,60 months,19.79,215.57,E,141299,1-3 years,RENT,24.94,838,Fully Paid,0.97,3,15507,37548
673,6531,36 months,11.39,924.49,D,74066,10+ years,RENT,19.3,637,Defaulted,0.72,4,10963,23371
674,28333,36 months,24.77,451.63,C,145066,4-6 years,RENT,34.36,768,Fully Paid,0.32,0,7106,98899
675,39674,36 months,14.71,511.06,E,91826,<1 year,OWN,36.01,734,Defaulted,0.32,4,8333,82593
676,13152,36 months,7.45,333.04,B,50213,7-9 years,RENT,30.19,677,Fully Paid,0.45,4,49826,24644
677,15267,60 months,19.5,657.53,D,101916,10+ years,OWN,11.41,834,Fully Paid,0.63,0,32913,98659
678,30289,36 months,11.46,655.58,E,96151,7-9 years,RENT,26.99,780,Fully Paid,0.15,0,32283,28874
679,6062,36 months,24.94,466.37,D,147018,<1 year,MORTGAGE,32.9,662,Fully Paid,0.19,1,40423,93659
680,34926,60 months,24.6,433.08,B,80906,10+ years,MORTGAGE,14.1,711,Charged Off,0.86,3,39076,19281
681,11229,60 months,18.12,902.22,E,30463,7-9 years,RENT,16.86,688,Fully Paid,0.26,1,30815,73787
682,9632,60 months,7.6,475.79,B,61973,7-9 years,MORTGAGE,36.47,759,Fully Paid,0.38,1,21584,27289
683,8596,36 months,18.74,569.48,A,104694,10+ years,OWN,10.6,637,Fully Paid,0.87,0,26382,10054
684,11168,60 months,6.86,390.81,B,50651,<1 year,RENT,32.58,749,Charged Off,0.66,0,2064,71846
685,12561,60 months,5.59,818.75,D,98694,7-9 years,OWN,24.21,743,Fully Paid,0.34,3,42848,99682
686,13258,36 months,21.46,487.83,C,50008,4-6 years,RENT,23.4,651,Charged Off,0.68,4,44883,54769
687,21616,60 months,9.2,586.57,B,141738,10+ years,MORTGAGE,10.21,628,Charged Off,0.02,1,7820,34312
688,31734,60 months,12.58,365.35,C,100474,1-3 years,OWN,34.58,743,Fully Paid,0.74,3,9512,9257
689,11371,60 months,24.47,989.51,A,68185,1-3 years,MORTGAGE,20.79,675,Defaulted,0.49,1,37725,20846
690,31069,60 months,11.74,397.77,E,117924,<1 year,MORTGAGE,26.22,744,Charged Off,0.81,4,20615,27483
691,19369,36 months,10.93,805.13,E,104417,4-6 years,RENT,30.32,828,Fully Paid,0.95,1,40776,31558
692,17910,60 months,23.36,513.37,C,101139,7-9 years,OWN,31.08,663,Fully Paid,0.93,2,49812,48188
693,12943,60 months,7.21,325.28,E,64980,1-3 years,MORTGAGE,38.68,690,Fully Paid,0.91,3,18884,18012
694,17199,36 months,20.19,829.76,B,52504,<1 year,RENT,25.94,688,Fully Paid,0.51,0,48455,38236
695,20728,60 months,24.76,433.57,C,84970,4-6 years,RENT,21.99,612,Fully Paid,0.36,1,18952,50076
696,28275,36 months,23.03,885.41,D,46766,4-6 years,RENT,38.61,671,Fully Paid,0.47,3,10711,53402
697,11738,60 months,18.03,927.97,B,146944,<1 year,MORTGAGE,29.26,783,Fully Paid,0.69,3,21473,99467
698,20913,36 months,11.28,880.85,B,123922,<1 year,RENT,18.94,604,Fully Paid,0.88,1,19249,37076
699,24123,36 months,10.09,179.76,B,41695,7-9 years,OWN,13.79,611,Fully Paid,0.21,0,10597,85337
700,39529,36 months,21.39,819.27,D,47796,<1 year,OWN,35.28,768,Defaulted,0.92,0,22984,80164
701,15167,36 months,22.6,499.64,A,72543,7-9 years,MORTGAGE,20.87,602,Defaulted,0.82,1,49022,79264
702,15554,60 months,15.51,892.66,E,44559,7-9 years,OWN,29.81,826,Fully Paid,0.98,3,17388,22335
703,22260,36 months,9.89,692.26,C,134450,10+ years,RENT,24.12,632,Fully Paid,0.88,0,48137,48773
704,8812,60 months,7.26,858.6,A,63139,4-6 years,MORTGAGE,15.97,720,Fully Paid,0.28,1,41727,57158
705,33024,36 months,6.74,574.52,C,133869,4-6 years,RENT,28.05,813,Charged Off,0.11,1,19782,33570
706,32285,36 months,19.38,604.77,E,38802,4-6 years,MORTGAGE,11.82,649,Fully Paid,0.11,1,7608,92995
707,31900,36 months,13.4,272.73,D,103843,10+ years,MORTGAGE,22.4,783,Fully Paid,0.29,3,34115,45658
708,6605,60 months,23.11,816.39,B,70205,7-9 years,RENT,26.4,835,Charged Off,0.61,0,46180,64184
709,10622,36 months,19.79,506.48,B,128750,7-9 years,OWN,23.08,736,Charged Off,0.8,3,43773,77613
710,11767,60 months,8.83,575.07,D,64159,<1 year,OWN,32.46,832,Defaulted,0.9,2,7500,63194
711,32139,60 months,17.28,817.33,A,41516,10+ years,MORTGAGE,34.84,809,Defaulted,0.62,0,36342,72507
712,16613,60 months,13.71,659.02,A,80492,<1 year,RENT,33.14,777,Fully Paid,0.01,3,21209,38959
713,15589,60 months,16.54,320.93,C,59086,10+ years,RENT,11.16,628,Fully Paid,0.19,0,21977,58072
714,18918,60 months,19.76,651.7,D,143758,<1 year,MORTGAGE,15.82,638,Fully Paid,0.1,2,39040,50588
715,25119,60 months,21.12,496.49,A,60480,1-3 years,OWN,26.1,690,Fully Paid,0.36,4,42462,45533
716,32446,60 months,21.87,549.1,D,82091,4-6 years,RENT,38.04,699,Defaulted,0.5,1,4521,73582
717,18046,60 months,10.08,174.06,E,140195,4-6 years,OWN,35.05,772,Fully Paid,0.04,3,2300,66743
718,29818,60 months,5.62,328.52,B,77766,7-9 years,OWN,35.28,616,Fully Paid,0.35,2,28075,49518
719,9324,36 months,19.79,388.88,B,68737,1-3 years,MORTGAGE,19.1,655,Charged Off,0.18,2,24979,17703
720,15787,36 months,7.13,756.02,B,39265,4-6 years,MORTGAGE,22.88,825,Fully Paid,0.65,0,31802,54456
721,14111,36 months,11.3,159.77,D,144165,7-9 years,OWN,24.12,645,Charged Off,0.46,0,13225,60491
722,21389,36 months,5.08,497.46,D,149501,1-3 years,RENT,14.72,666,Charged Off,0.5,1,12481,13043
723,19043,36 months,18.63,935.42,C,148257,4-6 years,RENT,10.93,796,Fully Paid,0.43,0,22217,73340
724,33746,60 months,8.34,245.1,B,100990,<1 year,MORTGAGE,38.41,741,Fully Paid,0.96,3,45813,15176
725,27350,60 months,18.11,588.96,C,131454,10+ years,OWN,17.22,666,Fully Paid,0.21,3,38153,8936
726,5117,60 months,24.83,818.54,B,121717,1-3 years,RENT,17.2,622,Fully Paid,0.52,3,15755,36174
727,23935,60 months,6.45,951.15,C,45386,7-9 years,RENT,12.5,830,Fully Paid,0.74,4,25914,87632
728,18234,60 months,6.54,784.76,C,134718,1-3 years,MORTGAGE,37.86,693,Fully Paid,0.56,3,36592,93768
729,5846,60 months,11.81,762.48,E,67425,7-9 years,OWN,27.39,841,Charged Off,0.93,0,27269,30909
730,15954,60 months,22.33,852.51,C,73254,1-3 years,RENT,30.01,836,Fully Paid,0.38,0,39732,49158
731,18703,36 months,9.31,529.27,D,119863,7-9 years,MORTGAGE,37.35,788,Defaulted,0.46,3,25555,13366
732,27700,36 months,12.21,834.97,C,148350,4-6 years,RENT,20.37,750,Fully Paid,0.09,2,20874,90125
733,37043,36 months,6.37,156.77,B,83634,<1 year,RENT,28.65,754,Fully Paid,0.61,2,37535,59337
734,11469,36 months,20.26,935.88,C,116717,4-6 years,RENT,11.16,653,Charged Off,0.29,2,47344,64331
735,35105,60 months,13.17,526.81,A,77662,<1 year,MORTGAGE,15.6,737,Fully Paid,0.16,1,46036,67197
736,31386,60 months,20.18,620.37,B,116988,4-6 years,OWN,34.94,816,Fully Paid,0.54,4,8925,77042
737,7048,60 months,23.07,366.65,A,133784,4-6 years,MORTGAGE,33.0,676,Fully Paid,0.53,3,4107,55924
738,17941,36 months,9.66,781.15,B,136337,1-3 years,OWN,20.52,615,Defaulted,0.08,1,21852,33842
739,6828,60 months,21.15,215.14,D,129287,10+ years,RENT,21.3,640,Fully Paid,0.7,2,31183,22458
740,6917,60 months,6.18,891.74,D,117527,7-9 years,OWN,26.01,697,Fully Paid,0.62,3,28617,92367
741,25618,60 months,22.98,853.9,D,136847,7-9 years,RENT,10.01,782,Fully Paid,0.19,1,9722,70382
742,37254,36 months,18.02,333.65,A,105452,7-9 years,RENT,17.24,727,Charged Off,0.47,0,23631,79319
743,25128,60 months,22.48,837.93,E,40143,<1 year,MORTGAGE,16.25,828,Charged Off,0.72,2,32622,16170
744,5009,36 months,5.0,818.4,B,121391,7-9 years,RENT,17.51,660,Fully Paid,0.53,1,8883,85145
745,21644,36 months,8.38,687.38,D,45581,7-9 years,MORTGAGE,34.18,685,Defaulted,0.4,0,20708,49942
746,27422,36 months,12.8,467.49,B,97443,1-3 years,OWN,18.39,808,Fully Paid,0.32,2,47221,93571
747,14865,36 months,12.59,380.77,A,59424,4-6 years,OWN,15.75,814,Fully Paid,0.61,4,18197,21208
748,7219,60 months,9.53,347.02,E,118844,7-9 years,RENT,25.13,717,Fully Paid,0.94,2,22134,40178
749,10287,36 months,12.63,420.82,A,71984,10+ years,MORTGAGE,35.97,699,Fully Paid,0.67,4,41386,84172
750,39387,36 months,7.58,918.02,B,71505,7-9 years,RENT,17.24,648,Fully Paid,0.07,4,34550,14039
751,13512,60 months,13.26,215.99,E,142061,<1 year,MORTGAGE,12.36,800,Fully Paid,0.46,4,15642,19990
752,6342,60 months,21.05,854.54,E,132478,<1 year,MORTGAGE,20.69,779,Fully Paid,0.89,3,21439,11441
753,24216,36 months,14.58,446.56,A,92699,<1 year,MORTGAGE,32.43,601,Defaulted,0.09,3,33243,79221
754,32534,60 months,5.36,593.36,D,56957,7-9 years,OWN,26.52,823,Fully Paid,0.99,4,41557,84314
755,19231,36 months,13.43,825.31,B,55464,1-3 years,MORTGAGE,34.5,719,Fully Paid,0.95,0,25583,50959
756,37293,36 months,5.54,901.72,C,144012,10+ years,OWN,38.79,777,Charged Off,0.08,4,29349,31862
757,31614,36 months,24.32,443.06,C,53649,7-9 years,MORTGAGE,33.78,844,Fully Paid,0.93,1,15002,32273
758,33253,36 months,7.55,542.57,A,72065,1-3 years,OWN,28.11,722,Fully Paid,0.36,4,20523,98949
759,22988,60 months,19.15,502.34,B,122661,1-3 years,OWN,24.8,685,Defaulted,0.84,3,45749,47500
760,36037,36 months,24.46,161.26,B,64758,7-9 years,OWN,11.2,770,Fully Paid,0.42,3,6007,8956
761,17219,60 months,21.52,401.55,A,35596,7-9 years,RENT,39.53,676,Fully Paid,0.44,1,21435,77089
762,5235,60 months,18.99,540.31,B,46374,1-3 years,MORTGAGE,21.5,735,Fully Paid,0.63,1,41343,93789
763,6908,60 months,21.79,499.43,D,148686,1-3 years,RENT,14.57,658,Defaulted,0.77,2,26093,94451
764,13567,60 months,24.64,763.64,A,33775,1-3 years,MORTGAGE,30.0,792,Fully Paid,0.03,0,49952,7365
765,10256,36 months,17.43,477.08,D,57388,7-9 years,MORTGAGE,18.53,808,Defaulted,0.59,0,12294,77204
766,24019,60 months,16.18,565.97,B,51029,1-3 years,RENT,27.57,611,Fully Paid,0.19,0,39405,10000
767,13162,36 months,17.56,515.17,A,113981,<1 year,OWN,27.6,603,Fully Paid,0.35,3,46538,62072
768,10415,60 months,15.65,779.53,B,83639,7-9 years,MORTGAGE,23.37,716,Defaulted,0.35,0,48310,57499
769,10951,60 months,17.7,883.53,A,144010,<1 year,OWN,35.08,804,Fully Paid,0.47,2,11908,74211
770,26852,36 months,14.0,602.11,B,44645,4-6 years,RENT,17.95,694,Fully Paid,0.33,2,13699,17907
771,13007,36 months,9.37,821.02,D,61105,7-9 years,OWN,23.46,724,Fully Paid,0.11,0,35633,22336
772,35523,36 months,7.4,402.27,D,43668,4-6 years,MORTGAGE,26.13,640,Defaulted,0.15,1,2376,90220
773,28325,60 months,6.37,610.16,B,45960,1-3 years,MORTGAGE,29.91,722,Fully Paid,0.03,2,15255,98847
774,26204,60 months,10.27,443.45,A,41357,1-3 years,MORTGAGE,33.52,606,Fully Paid,0.47,1,14647,57331
775,20524,36 months,5.92,502.07,C,94604,10+ years,RENT,21.84,814,Fully Paid,0.95,3,39176,85672
776,24282,36 months,16.34,772.55,D,132739,1-3 years,MORTGAGE,29.38,815,Charged Off,0.12,2,9163,82755
777,28930,36 months,10.68,899.41,D,81796,4-6 years,RENT,14.52,668,Fully Paid,0.95,1,40051,73783
778,5077,36 months,21.49,253.27,C,45804,1-3 years,OWN,37.98,668,Fully Paid,0.73,0,35744,74951
779,25611,60 months,6.48,689.44,B,145733,7-9 years,MORTGAGE,21.49,680,Fully Paid,0.64,3,7443,57509
780,21984,36 months,9.53,644.82,A,44626,1-3 years,MORTGAGE,31.89,629,Fully Paid,0.65,4,14324,11472
781,19060,36 months,19.6,250.65,B,58132,10+ years,MORTGAGE,10.61,672,Fully Paid,0.83,4,22143,27380
782,22449,36 months,16.98,330.11,E,37951,1-3 years,OWN,16.16,605,Fully Paid,0.11,0,41363,32280
783,23520,36 months,6.29,414.35,D,36449,4-6 years,MORTGAGE,24.61,688,Fully Paid,0.5,3,5920,26859
784,14510,60 months,22.54,291.89,E,49065,4-6 years,RENT,36.35,746,Defaulted,0.7,3,18375,53402
785,34287,36 months,22.55,357.17,D,131503,1-3 years,OWN,25.82,807,Defaulted,0.59,3,38996,13262
786,33173,60 months,11.61,377.46,D,135072,4-6 years,OWN,37.9,812,Fully Paid,0.83,3,12748,16066
787,16954,36 months,11.81,435.32,E,39130,4-6 years,OWN,24.51,665,Defaulted,0.07,4,29535,20554
788,12804,36 months,24.78,786.98,E,119360,10+ years,OWN,24.71,609,Fully Paid,0.69,1,16715,12008
789,11565,60 months,17.52,636.13,B,92287,7-9 years,OWN,13.59,743,Defaulted,0.53,3,48252,92851
790,10984,36 months,15.63,988.31,E,136937,10+ years,RENT,34.08,636,Fully Paid,0.38,1,7450,85799
791,26526,60 months,21.76,502.53,B,81702,<1 year,OWN,17.41,806,Fully Paid,0.34,3,26010,21238
792,23574,60 months,10.71,790.79,B,66993,10+ years,MORTGAGE,36.99,676,Charged Off,0.62,2,1020,87025
793,14184,36 months,13.58,890.75,B,61875,1-3 years,OWN,37.32,676,Defaulted,0.89,2,15717,22153
794,24096,60 months,10.36,727.13,D,145284,7-9 years,OWN,38.3,631,Fully Paid,0.5,2,48348,64353
795,7192,60 months,20.78,500.09,D,36054,1-3 years,OWN,25.61,836,Fully Paid,0.82,3,43885,57092
796,39016,60 months,16.47,790.56,E,129809,<1 year,OWN,30.31,646,Fully Paid,0.4,1,10664,48152
797,16246,60 months,18.18,323.12,D,137357,7-9 years,OWN,33.36,709,Fully Paid,0.1,4,2099,54104
798,23381,60 months,10.05,428.42,E,78517,4-6 years,RENT,13.93,799,Fully Paid,0.06,0,24225,29283
799,31727,60 months,9.4,614.68,D,106368,10+ years,RENT,28.03,770,Fully Paid,0.05,4,3637,51429
800,9018,60 months,14.77,639.1,A,59670,1-3 years,OWN,11.03,809,Defaulted,0.38,3,42349,82223
801,16302,60 months,19.75,168.82,A,79112,<1 year,RENT,24.93,719,Fully Paid,0.34,2,41512,93534
802,6970,36 months,15.5,953.35,E,118388,4-6 years,MORTGAGE,14.65,763,Fully Paid,0.72,2,20797,59957
803,32202,36 months,5.65,742.13,D,119156,10+ years,OWN,15.49,753,Fully Paid,0.74,1,41225,33887
804,36110,60 months,22.37,571.35,D,58307,4-6 years,MORTGAGE,20.95,609,Fully Paid,0.05,3,11807,51172
805,22586,36 months,6.29,943.16,B,143087,10+ years,MORTGAGE,22.97,758,Fully Paid,0.22,4,18738,9355
806,29519,60 months,24.12,523.23,C,97087,7-9 years,OWN,28.7,696,Fully Paid,0.27,3,7402,38701
807,36273,60 months,5.5,983.37,E,77922,4-6 years,MORTGAGE,12.23,756,Defaulted,0.55,3,5521,46534
808,26951,36 months,18.89,585.44,C,93080,4-6 years,MORTGAGE,25.11,604,Defaulted,0.14,2,9382,76442
809,20374,60 months,6.64,247.14,C,123348,4-6 years,MORTGAGE,15.48,676,Fully Paid,0.13,4,46460,66274
810,10788,60 months,23.21,800.08,E,109335,7-9 years,OWN,27.22,600,Fully Paid,0.94,0,38121,83108
811,10408,60 months,14.29,727.06,D,56312,<1 year,OWN,29.12,814,Fully Paid,0.8,2,16065,17279
812,30053,60 months,7.75,807.04,E,135156,10+ years,MORTGAGE,26.7,831,Defaulted,0.18,4,20934,48491
813,14446,36 months,11.82,958.73,C,96985,4-6 years,OWN,32.15,730,Defaulted,0.41,1,15425,81147
814,5922,60 months,8.3,810.02,D,87608,7-9 years,OWN,20.07,666,Fully Paid,0.36,2,14111,13261
815,38187,60 months,8.41,669.64,A,119962,<1 year,MORTGAGE,32.95,798,Fully Paid,0.79,1,41799,9474
816,15789,60 months,23.96,878.71,E,130963,10+ years,OWN,22.98,827,Defaulted,0.51,2,16510,96414
817,37184,36 months,13.9,722.26,E,70277,7-9 years,RENT,24.53,762,Fully Paid,0.13,3,38851,33390
818,6120,60 months,20.78,496.9,D,61551,10+ years,OWN,29.44,614,Fully Paid,0.74,4,9816,31925
819,37154,36 months,17.79,902.78,A,119813,4-6 years,RENT,10.55,831,Charged Off,0.4,1,13317,87174
820,22334,36 months,18.53,338.62,A,86597,<1 year,MORTGAGE,29.62,794,Defaulted,0.26,2,3175,64051
821,7336,60 months,7.63,757.45,D,131025,7-9 years,OWN,28.56,692,Fully Paid,0.38,1,12341,94007
822,7243,60 months,9.68,899.33,B,75212,<1 year,MORTGAGE,19.3,629,Fully Paid,0.5,2,26654,9787
823,24029,36 months,20.74,771.62,E,39637,4-6 years,MORTGAGE,12.57,702,Fully Paid,0.34,2,22608,78398
824,37265,60 months,24.42,742.68,E,73258,<1 year,MORTGAGE,12.73,681,Fully Paid,0.24,0,18579,63177
825,28710,36 months,10.25,789.74,C,65693,<1 year,MORTGAGE,37.7,674,Fully Paid,0.4,0,31194,48724
826,34486,36 months,10.43,545.3,D,39824,1-3 years,MORTGAGE,30.68,770,Fully Paid,0.02,0,35837,15663
827,11371,60 months,14.46,893.05,C,56950,<1 year,OWN,13.81,840,Defaulted,0.77,1,4358,21120
828,11359,60 months,24.68,322.92,C,53488,10+ years,RENT,20.7,659,Defaulted,0.17,3,19822,27740
829,25103,36 months,10.38,258.28,A,134544,7-9 years,OWN,27.77,829,Fully Paid,0.04,2,42576,7035
830,19382,36 months,13.14,392.68,E,145200,1-3 years,OWN,35.07,639,Fully Paid,0.65,4,38012,62443
831,23755,36 months,22.83,601.84,C,30215,7-9 years,OWN,11.31,792,Fully Paid,0.77,0,20727,72388
832,8756,36 months,5.06,583.98,A,135603,7-9 years,OWN,17.1,756,Fully Paid,0.81,1,35579,57335
833,25609,60 months,5.8,847.51,D,41523,4-6 years,RENT,36.69,673,Fully Paid,0.49,1,32018,48315
834,21478,60 months,17.08,493.88,C,105900,4-6 years,OWN,10.27,819,Fully Paid,0.21,1,17555,69165
835,15147,60 months,23.15,561.69,E,98689,1-3 years,MORTGAGE,16.04,720,Defaulted,0.74,4,6906,51627
836,38561,60 months,9.78,161.36,C,53834,4-6 years,OWN,38.77,822,Fully Paid,0.7,4,41751,13303
837,39884,60 months,14.39,498.28,D,64474,4-6 years,OWN,28.4,746,Charged Off,0.25,0,5063,54334
838,10779,36 months,14.01,700.61,C,73066,4-6 years,RENT,17.85,602,Charged Off,0.9,4,44214,60892
839,17298,60 months,14.46,163.18,E,129871,7-9 years,RENT,12.01,635,Fully Paid,0.1,0,9644,66196
840,19153,60 months,17.45,388.75,A,40400,1-3 years,MORTGAGE,10.85,642,Fully Paid,0.98,4,43378,70700
841,15789,60 months,14.39,326.76,E,40345,7-9 years,OWN,17.34,742,Charged Off,0.86,4,9142,44726
842,17999,60 months,13.95,185.69,A,63896,10+ years,OWN,36.44,824,Charged Off,0.69,4,32644,80751
843,5814,60 months,14.49,557.37,B,115430,7-9 years,OWN,22.48,768,Fully Paid,0.94,0,34521,54606
844,15541,36 months,16.82,304.46,E,58899,10+ years,MORTGAGE,31.61,834,Fully Paid,0.72,2,12564,35694
845,29938,36 months,15.74,781.62,E,136171,<1 year,RENT,37.55,714,Fully Paid,0.19,0,40619,36253
846,7443,36 months,22.08,870.74,D,58229,<1 year,MORTGAGE,22.24,708,Charged Off,0.44,2,6104,29230
847,15457,60 months,5.99,613.75,C,147053,10+ years,OWN,15.74,689,Fully Paid,0.07,1,28299,58974
848,15380,36 months,21.67,984.45,A,35583,10+ years,RENT,25.51,807,Fully Paid,0.39,1,48958,68545
849,12783,36 months,21.88,532.91,A,34897,7-9 years,RENT,37.24,763,Defaulted,0.74,0,14421,21925
850,22368,60 months,10.7,586.36,D,101537,10+ years,MORTGAGE,34.13,824,Fully Paid,0.39,2,24211,11033
851,20328,60 months,14.26,990.84,D,139417,1-3 years,RENT,11.97,683,Fully Paid,0.33,2,12202,67461
852,31215,60 months,13.77,346.82,C,34567,<1 year,RENT,30.78,676,Fully Paid,0.6,2,44871,7665
853,38595,36 months,9.37,951.16,C,104807,<1 year,OWN,27.16,760,Defaulted,0.87,1,43185,32025
854,32306,36 months,12.94,186.41,E,142652,10+ years,OWN,37.22,604,Fully Paid,0.05,0,42127,28533
855,24915,60 months,5.89,529.43,B,107239,4-6 years,RENT,13.67,828,Fully Paid,0.39,3,4685,50897
856,20343,60 months,10.56,209.5,C,43329,4-6 years,RENT,26.02,677,Fully Paid,0.16,2,25661,82661
857,5126,36 months,21.33,769.85,D,131045,10+ years,MORTGAGE,36.38,690,Fully Paid,0.7,2,43637,25998
858,32632,36 months,10.69,667.15,C,147708,1-3 years,MORTGAGE,22.3,686,Fully Paid,0.11,3,19366,66248
859,25530,60 months,21.36,750.64,A,101792,4-6 years,RENT,24.46,613,Fully Paid,0.66,0,38712,28057
860,8368,60 months,15.63,468.31,B,30228,10+ years,OWN,12.11,703,Fully Paid,0.29,2,25276,84244
861,8797,36 months,22.6,464.06,E,120282,1-3 years,RENT,18.34,795,Defaulted,0.2,0,16410,88608
862,18718,60 months,16.5,188.52,A,112214,1-3 years,RENT,19.74,830,Defaulted,0.94,2,49239,75631
863,39560,36 months,5.59,447.45,A,67052,7-9 years,OWN,38.35,843,Fully Paid,0.02,4,10678,72173
864,16053,36 months,18.51,939.9,B,87769,1-3 years,OWN,18.48,682,Fully Paid,0.44,2,25575,85206
865,27116,36 months,5.9,472.34,E,76032,4-6 years,MORTGAGE,23.83,774,Fully Paid,0.02,4,42401,43734
866,6645,36 months,14.01,856.66,D,141694,4-6 years,MORTGAGE,30.14,653,Defaulted,0.48,0,42230,67072
867,24256,60 months,23.59,865.98,E,118721,10+ years,MORTGAGE,14.87,731,Fully Paid,0.5,2,14888,69175
868,39622,60 months,8.3,467.25,C,63686,10+ years,MORTGAGE,24.59,821,Fully Paid,0.32,1,17727,68783
869,7708,36 months,12.8,687.19,A,106981,1-3 years,OWN,32.16,810,Fully Paid,0.13,1,49971,99194
870,16694,36 months,19.6,231.07,C,128802,<1 year,RENT,36.01,694,Fully Paid,0.38,3,4081,75739
871,14524,36 months,22.65,238.13,D,93261,7-9 years,MORTGAGE,28.79,822,Fully Paid,0.67,1,24021,92054
872,36880,36 months,18.42,191.36,C,32809,<1 year,MORTGAGE,30.07,608,Fully Paid,0.78,4,10449,56042
873,37409,36 months,10.16,643.86,E,133265,1-3 years,OWN,13.79,652,Fully Paid,0.53,1,16657,57357
874,18224,60 months,18.49,512.16,C,71785,1-3 years,OWN,38.37,676,Defaulted,0.59,1,36059,13669
875,30150,60 months,10.93,615.83,D,66547,<1 year,RENT,13.98,805,Fully Paid,0.2,1,2532,72902
876,39393,60 months,19.37,592.91,D,72818,7-9 years,RENT,33.24,846,Fully Paid,0.29,2,38130,23910
877,12973,60 months,24.08,447.67,D,130422,<1 year,OWN,17.94,659,Fully Paid,0.16,3,17015,61959
878,13577,36 months,19.43,725.85,E,101927,10+ years,MORTGAGE,38.01,645,Fully Paid,0.25,0,38756,5366
879,13070,36 months,22.26,794.73,D,95681,4-6 years,MORTGAGE,31.6,653,Fully Paid,0.22,3,7344,53415
880,13666,36 months,5.04,162.43,A,109465,10+ years,MORTGAGE,32.61,673,Fully Paid,0.52,4,42198,14907
881,11783,36 months,19.35,326.16,D,119862,4-6 years,RENT,16.57,711,Fully Paid,0.56,2,49461,37780
882,9971,36 months,21.59,756.25,C,125527,1-3 years,MORTGAGE,23.29,694,Fully Paid,0.94,2,10106,62879
883,18490,60 months,5.81,478.63,C,143221,7-9 years,MORTGAGE,28.53,764,Fully Paid,0.2,1,35206,90159
884,6990,36 months,22.43,713.11,C,67333,<1 year,OWN,33.1,622,Fully Paid,0.64,1,48587,40085
885,10299,60 months,10.13,444.92,E,46576,7-9 years,MORTGAGE,13.12,626,Defaulted,0.82,4,10652,70499
886,24956,60 months,18.31,482.14,C,149875,<1 year,OWN,38.87,669,Fully Paid,0.56,2,25550,25426
887,27359,60 months,21.01,284.88,E,69405,10+ years,MORTGAGE,36.71,817,Fully Paid,0.26,0,7389,53197
888,33734,60 months,18.25,369.5,E,124000,10+ years,RENT,18.11,793,Fully Paid,0.26,3,23361,12485
889,9757,36 months,6.85,664.6,D,103779,<1 year,MORTGAGE,34.68,708,Fully Paid,0.04,2,36847,54527
890,24097,60 months,16.93,518.19,A,61601,7-9 years,MORTGAGE,25.55,788,Fully Paid,0.31,0,40063,69600
891,15395,60 months,15.99,808.16,D,97946,<1 year,OWN,23.85,676,Fully Paid,0.74,0,14703,96005
892,21241,60 months,23.01,874.7,D,97356,1-3 years,OWN,19.43,778,Defaulted,0.05,3,19642,86439
893,32696,36 months,13.08,610.4,E,82116,10+ years,OWN,27.43,649,Fully Paid,0.22,0,42326,73748
894,9944,36 months,11.42,794.53,E,130825,1-3 years,MORTGAGE,31.9,723,Fully Paid,0.71,4,37509,63528
895,24816,36 months,20.0,410.87,C,147256,10+ years,MORTGAGE,22.33,618,Defaulted,0.78,0,14881,32799
896,29917,60 months,13.25,502.73,C,134186,10+ years,RENT,28.88,600,Charged Off,0.46,4,16414,51339
897,36195,60 months,17.92,755.86,D,92894,4-6 years,MORTGAGE,30.98,639,Fully Paid,0.7,0,15329,21087
898,26566,36 months,17.93,478.28,B,64635,1-3 years,RENT,31.33,759,Fully Paid,0.39,1,23831,12446
899,14916,60 months,22.76,650.23,B,37465,1-3 years,OWN,11.56,621,Fully Paid,0.16,0,42091,55460
900,25806,36 months,16.97,307.57,C,86754,4-6 years,OWN,35.79,711,Fully Paid,0.4,4,8588,99817
901,14984,36 months,15.04,659.81,B,127975,7-9 years,OWN,23.75,820,Fully Paid,0.58,0,1903,63260
902,6759,60 months,7.78,882.29,C,122850,1-3 years,RENT,17.87,793,Fully Paid,0.95,0,45416,19877
903,31838,60 months,7.31,888.34,E,139765,<1 year,MORTGAGE,17.25,639,Defaulted,0.07,0,43723,29723
904,7482,60 months,8.09,765.69,D,115119,4-6 years,OWN,24.49,637,Fully Paid,0.51,4,36572,17943
905,29442,60 months,8.44,783.89,A,122691,1-3 years,MORTGAGE,36.6,647,Fully Paid,0.33,0,18610,15306
906,38719,36 months,17.76,624.24,D,68871,7-9 years,MORTGAGE,21.35,782,Fully Paid,0.51,3,35052,41784
907,32965,36 months,19.82,646.97,C,92874,1-3 years,OWN,32.49,674,Defaulted,0.02,3,34457,25455
908,7079,36 months,15.6,263.6,C,107733,10+ years,RENT,12.9,808,Fully Paid,0.31,4,22527,95027
909,7717,36 months,21.58,527.28,D,59511,<1 year,MORTGAGE,24.28,782,Fully Paid,0.82,1,38550,76448
910,32952,36 months,24.83,533.16,C,110960,4-6 years,OWN,39.75,778,Fully Paid,0.55,3,30011,34974
911,25908,60 months,21.4,964.72,B,78821,10+ years,MORTGAGE,33.11,706,Fully Paid,0.45,2,38275,32371
912,29861,36 months,18.9,516.42,B,95776,7-9 years,MORTGAGE,16.32,787,Fully Paid,0.29,3,35764,8936
913,12311,36 months,15.65,616.94,C,148128,10+ years,MORTGAGE,25.04,607,Fully Paid,0.3,2,33004,38166
914,33071,36 months,13.98,603.26,C,100167,10+ years,MORTGAGE,17.01,685,Fully Paid,0.38,4,25064,30727
915,28570,60 months,6.69,691.25,B,105135,7-9 years,MORTGAGE,22.29,667,Fully Paid,0.84,1,29702,68969
916,23449,60 months,12.99,786.0,C,74462,10+ years,RENT,33.4,674,Fully Paid,0.97,2,21165,33368
917,38536,60 months,23.2,341.29,C,91382,4-6 years,RENT,33.14,799,Fully Paid,0.44,2,9631,73531
918,33865,60 months,21.16,599.42,D,120194,1-3 years,OWN,16.84,736,Fully Paid,0.39,3,22852,44097
919,11645,36 months,9.32,852.03,A,133381,10+ years,RENT,37.67,689,Fully Paid,0.85,2,5507,39984
920,31737,36 months,14.33,543.65,B,62574,4-6 years,RENT,27.78,729,Fully Paid,0.43,4,1527,55859
921,16485,60 months,21.33,386.69,D,132072,1-3 years,RENT,21.4,679,Fully Paid,0.55,4,29981,49291
922,30522,60 months,6.35,706.5,A,71910,1-3 years,MORTGAGE,25.06,694,Charged Off,0.23,4,36764,70228
923,17342,36 months,12.75,850.2,C,103531,10+ years,MORTGAGE,28.15,669,Fully Paid,0.74,3,37235,97099
924,18087,36 months,22.04,203.67,C,55186,4-6 years,OWN,26.8,844,Fully Paid,0.53,1,48540,27150
925,39249,60 months,13.08,810.27,D,124781,10+ years,OWN,24.59,812,Fully Paid,0.81,3,34471,27061
926,15093,60 months,6.55,848.4,C,52813,7-9 years,OWN,25.15,689,Charged Off,0.78,4,1662,34178
927,21438,60 months,15.85,542.29,E,108812,1-3 years,MORTGAGE,15.29,658,Defaulted,0.22,3,25940,61790
928,31399,60 months,22.23,985.81,D,115525,10+ years,RENT,34.38,746,Fully Paid,0.72,4,42882,70696
929,24846,36 months,16.81,818.7,A,108282,1-3 years,RENT,26.25,627,Fully Paid,0.8,0,7256,20648
930,20708,36 months,9.53,807.61,D,139779,4-6 years,MORTGAGE,13.93,671,Fully Paid,0.35,0,29432,66779
931,15998,36 months,12.68,785.66,B,48557,<1 year,OWN,32.98,613,Fully Paid,0.17,2,9367,41672
932,35678,60 months,14.0,278.02,D,58060,10+ years,OWN,37.97,623,Defaulted,0.0,1,47228,74109
933,15682,60 months,16.59,334.65,C,88866,10+ years,OWN,38.42,711,Fully Paid,0.45,0,39065,65521
934,13519,36 months,20.19,544.39,C,102104,1-3 years,MORTGAGE,21.07,643,Fully Paid,0.35,4,26511,39593
935,36480,36 months,6.98,374.4,E,130905,4-6 years,OWN,14.07,828,Defaulted,0.55,3,9573,18786
936,24694,36 months,22.79,502.95,E,114577,7-9 years,OWN,25.55,655,Defaulted,0.19,3,16582,99036
937,8300,36 months,5.25,905.19,E,36080,4-6 years,MORTGAGE,13.38,817,Fully Paid,0.86,2,6378,14815
938,11722,60 months,12.4,850.68,A,43854,10+ years,RENT,38.02,822,Fully Paid,0.26,3,14500,26966
939,29160,36 months,5.55,685.53,E,97695,7-9 years,MORTGAGE,15.51,719,Fully Paid,0.23,0,1305,18794
940,25059,36 months,12.86,879.4,A,57025,4-6 years,MORTGAGE,17.58,778,Defaulted,0.48,3,22881,36423
941,18575,36 months,15.52,816.21,E,82982,<1 year,MORTGAGE,22.2,631,Defaulted,0.5,0,5697,26302
942,12970,36 months,15.23,514.64,A,71081,1-3 years,MORTGAGE,21.49,777,Fully Paid,0.22,0,8222,66064
943,39911,36 months,8.31,320.91,D,34368,4-6 years,RENT,33.84,768,Fully Paid,0.27,1,8933,91800
944,26591,36 months,17.91,587.07,D,129621,4-6 years,OWN,23.69,793,Defaulted,0.17,2,18849,90140
945,36821,36 months,5.9,775.79,C,149181,<1 year,MORTGAGE,15.12,624,Fully Paid,0.72,4,25236,32835
946,14503,60 months,20.24,520.96,A,57094,10+ years,RENT,18.02,715,Fully Paid,0.77,0,45231,78356
947,23922,60 months,23.93,716.76,B,76040,1-3 years,OWN,25.27,835,Defaulted,0.46,2,34170,54282
948,17175,60 months,11.8,230.18,C,96766,4-6 years,OWN,14.42,788,Fully Paid,0.71,4,13901,57714
949,26389,60 months,15.34,785.8,D,113053,7-9 years,OWN,28.35,665,Fully Paid,0.74,3,7940,72035
950,5822,36 months,12.58,840.81,A,53991,4-6 years,MORTGAGE,26.97,641,Defaulted,0.14,2,49790,28814
951,22327,60 months,5.13,750.81,E,31301,1-3 years,MORTGAGE,31.44,792,Defaulted,0.97,2,20054,29089
952,11150,60 months,12.72,972.17,B,58610,4-6 years,OWN,38.13,763,Fully Paid,0.82,2,41863,78162
953,9425,36 months,20.83,852.65,D,111463,<1 year,OWN,37.37,848,Fully Paid,0.2,3,44610,60831
954,21032,36 months,16.92,917.63,C,64678,4-6 years,OWN,38.38,675,Fully Paid,0.19,3,5544,37746
955,7198,60 months,7.03,943.54,A,54466,4-6 years,OWN,17.34,736,Fully Paid,0.13,2,26318,86673
956,25079,60 months,21.94,831.15,B,110440,7-9 years,OWN,13.95,763,Fully Paid,0.14,1,7074,56940
957,18859,36 months,15.62,723.12,A,70875,<1 year,OWN,19.07,832,Defaulted,0.75,0,40618,91796
958,36419,60 months,21.83,154.86,E,56081,<1 year,RENT,36.85,819,Fully Paid,0.47,3,34518,41476
959,13705,36 months,16.6,545.95,C,54354,4-6 years,OWN,39.16,637,Fully Paid,0.78,1,26444,31283
960,28236,36 months,16.19,635.49,A,123297,7-9 years,MORTGAGE,35.78,760,Fully Paid,0.75,3,21446,6769
961,27419,36 months,7.11,408.43,D,48300,4-6 years,MORTGAGE,13.3,769,Charged Off,0.6,2,29543,47278
962,24978,36 months,8.35,420.39,C,94384,4-6 years,MORTGAGE,38.42,660,Fully Paid,0.69,1,25789,51994
963,20358,60 months,24.44,966.99,D,125027,1-3 years,OWN,22.7,773,Fully Paid,0.02,4,2617,67898
964,39177,36 months,9.57,907.95,A,90892,1-3 years,MORTGAGE,10.28,813,Fully Paid,0.31,0,36298,20634
965,34378,36 months,24.55,871.8,C,65525,7-9 years,RENT,23.27,688,Fully Paid,0.64,0,4333,15965
966,16382,60 months,15.64,495.11,D,56532,10+ years,OWN,11.38,788,Fully Paid,0.01,3,41002,32566
967,19596,36 months,7.72,161.64,E,36464,1-3 years,MORTGAGE,26.32,617,Fully Paid,0.03,0,23152,57196
968,38572,60 months,6.99,218.19,E,46562,10+ years,RENT,20.16,669,Fully Paid,0.85,4,25091,53285
969,18221,60 months,9.18,415.37,A,137392,<1 year,RENT,24.2,681,Fully Paid,0.68,1,1511,60499
970,6279,60 months,23.51,163.38,C,85514,1-3 years,MORTGAGE,28.4,715,Fully Paid,0.27,1,48314,24420
971,12083,36 months,13.28,164.58,B,143428,1-3 years,RENT,36.06,679,Fully Paid,0.69,2,38850,30236
972,22771,60 months,12.91,929.11,C,142564,7-9 years,MORTGAGE,29.86,614,Fully Paid,0.79,1,17636,11218
973,34975,60 months,11.26,750.23,E,138047,10+ years,RENT,23.02,775,Fully Paid,0.31,3,21517,54892
974,24063,36 months,7.94,412.61,D,104219,1-3 years,OWN,34.58,799,Fully Paid,0.04,4,32786,79031
975,7106,60 months,14.76,262.75,B,62634,1-3 years,OWN,37.17,612,Fully Paid,0.93,2,9820,69057
976,29557,60 months,7.6,584.89,A,30060,7-9 years,OWN,13.59,718,Fully Paid,0.35,3,37244,83609
977,25607,60 months,21.71,154.54,B,39269,7-9 years,OWN,25.96,642,Fully Paid,0.11,3,10178,81907
978,33529,60 months,12.41,947.65,A,93143,10+ years,OWN,18.54,787,Fully Paid,0.49,3,2725,88130
979,32856,60 months,12.5,502.59,B,53065,<1 year,MORTGAGE,11.41,656,Fully Paid,0.77,0,19477,16226
980,7573,36 months,14.48,491.98,A,32895,<1 year,OWN,30.06,798,Charged Off,0.22,3,47533,57271
981,17808,60 months,13.88,482.0,A,110859,4-6 years,OWN,35.88,616,Defaulted,0.27,0,35469,15046
982,39072,60 months,24.9,208.93,B,42352,1-3 years,OWN,14.89,777,Fully Paid,0.24,1,9496,42117
983,28752,36 months,15.91,692.57,B,140179,10+ years,OWN,34.37,631,Fully Paid,0.99,0,13270,9965
984,22685,36 months,6.76,773.05,A,79737,1-3 years,RENT,35.6,749,Fully Paid,0.2,3,11472,64478
985,16372,36 months,17.14,724.71,E,134127,10+ years,OWN,37.43,654,Fully Paid,0.58,4,21724,83872
986,13996,60 months,8.03,267.67,B,126426,10+ years,OWN,17.96,842,Fully Paid,0.93,4,31416,62277
987,21458,36 months,5.62,642.01,C,62016,10+ years,MORTGAGE,37.12,784,Fully Paid,0.15,1,36575,90379
988,36889,60 months,24.41,634.06,D,91304,1-3 years,RENT,19.62,612,Fully Paid,0.97,3,16654,64613
989,31665,60 months,20.47,888.15,A,41962,7-9 years,MORTGAGE,26.57,646,Defaulted,0.95,0,12078,22373
990,36653,36 months,24.6,472.26,A,63302,1-3 years,OWN,11.52,686,Fully Paid,0.88,4,29030,50452
991,31657,36 months,14.56,465.76,D,115382,10+ years,MORTGAGE,11.32,661,Defaulted,0.21,2,8572,55089
992,27180,60 months,15.65,675.75,E,34011,4-6 years,MORTGAGE,31.61,781,Defaulted,0.63,3,18408,11654
993,36896,36 months,8.37,688.11,D,49782,<1 year,OWN,23.33,628,Fully Paid,0.76,3,20359,36280
994,17875,60 months,9.94,548.89,B,97691,10+ years,RENT,17.69,621,Fully Paid,0.99,2,9698,61141
995,6622,36 months,21.77,526.6,D,69725,4-6 years,RENT,15.71,664,Fully Paid,0.18,4,5856,92943
996,21725,36 months,12.12,570.03,A,39196,7-9 years,MORTGAGE,30.1,628,Fully Paid,0.77,2,28527,72894
997,20646,36 months,21.54,881.89,D,73459,10+ years,OWN,10.01,647,Fully Paid,0.34,1,40492,31583
998,22029,60 months,19.18,541.99,C,117245,4-6 years,MORTGAGE,34.18,604,Fully Paid,0.18,0,10245,99242
999,34402,36 months,8.54,948.94,B,108863,10+ years,MORTGAGE,12.38,849,Fully Paid,0.42,0,44634,11360
1000,9263,60 months,15.15,578.4,D,149391,1-3 years,MORTGAGE,15.74,762,Charged Off,0.79,4,43864,58968
